IdVendedor,NombreVendedor,MesVenta,AñoVenta,Ventas
281,Juan Mendoza,2,2021,24621.12
306,María Morales,5,2023,33229.15
373,Luis Martínez,10,2023,36768.69
114,Rosa Pérez,12,2021,32336.19
356,José López,3,2021,30054.79
230,Francisco Díaz,4,2021,48618.01
222,Laura Cruz,9,2022,8536.87
303,Jorge García,9,2021,19000.14
292,María Sánchez,5,2021,10568.19
38,Laura Martínez,5,2023,49252.0
77,Raúl Castro,6,2021,46514.54
387,Sofía Cruz,7,2021,21282.69
254,José Gutierrez,6,2023,8286.34
272,Rosa Flores,11,2021,35211.8
235,Marta Cruz,4,2021,27400.2
299,Raúl Rodríguez,7,2021,27693.62
47,Manuel Ramírez,1,2022,30527.42
2,Jorge Sánchez,9,2022,32824.0
43,Manuel Silva,9,2022,17305.29
238,Ana García,9,2022,41951.31
392,Lucía López,12,2021,48374.47
381,Antonio Cruz,1,2023,22874.22
315,Francisco Sánchez,4,2022,31541.87
339,Carlos Flores,11,2021,44175.93
258,Francisco Mendoza,12,2021,28253.11
270,Juan Rivera,1,2022,17696.85
145,Laura Ortiz,7,2021,32976.07
84,Luis Gutierrez,11,2021,45717.41
68,Miguel García,8,2022,9865.27
304,Pedro Díaz,9,2022,6084.65
395,Raúl Morales,12,2023,40986.48
362,José García,8,2021,28667.53
197,Lucía Pérez,4,2021,35975.52
74,Carmen Torres,4,2021,40407.35
83,Pedro García,1,2022,29426.51
135,José Díaz,7,2022,27825.67
375,Elena Díaz,1,2022,14443.43
379,Juan Silva,4,2021,26409.85
111,María Díaz,1,2022,16587.33
189,Jorge Gómez,3,2023,34087.77
197,Lucía Pérez,11,2021,25276.21
166,Antonio Mendoza,4,2022,6337.41
386,Marta Castro,4,2021,28225.98
148,Marta Ortiz,11,2023,8401.99
342,María Martínez,10,2022,15490.89
196,Rosa Mendoza,8,2022,46617.55
165,Juan Rodríguez,6,2023,8147.14
79,José Castro,11,2023,35133.93
173,Juan Gutierrez,6,2021,11233.94
48,José Cruz,9,2023,41378.08
383,Francisco Rodríguez,4,2021,5925.84
308,Juan Ortiz,4,2022,13030.02
29,Elena Flores,1,2023,13026.04
344,María González,2,2021,44816.22
223,María Mendoza,6,2023,48661.88
306,María Morales,7,2023,49767.8
272,Rosa Flores,9,2022,33256.38
155,Antonio Gómez,2,2021,32421.38
275,Laura Morales,7,2023,14746.19
294,Marta Sánchez,2,2023,45214.85
77,Raúl Castro,11,2022,8393.9
223,María Mendoza,6,2023,25084.77
368,Sofía Silva,9,2022,37601.94
129,Miguel Sánchez,11,2022,48366.35
153,Elena Ramírez,7,2021,13211.0
217,Laura Gómez,2,2021,26567.49
264,Elena Rivera,5,2023,41626.36
53,Rosa García,8,2022,21580.02
398,María Cruz,10,2022,40795.35
380,Carlos Ortiz,11,2021,46772.63
63,Sofía Díaz,2,2021,32814.99
388,Pedro Rodríguez,12,2022,20590.27
353,Miguel Martínez,9,2022,48993.27
265,Juan Cruz,5,2021,36185.4
327,Raúl Mendoza,1,2021,43334.04
43,Manuel Silva,3,2021,40946.18
213,María García,6,2022,49222.06
309,Miguel Díaz,11,2021,46711.57
215,Marta Morales,1,2023,47191.36
369,Francisco Flores,10,2021,42748.27
133,Raúl Torres,1,2023,38094.93
334,Laura López,9,2021,37305.88
83,Pedro García,2,2023,47893.82
322,Lucía Flores,12,2023,47732.77
41,Manuel Rivera,2,2022,8027.38
8,Luis Silva,5,2023,25952.66
84,Luis Gutierrez,3,2023,26800.32
199,Manuel Mendoza,2,2021,25042.28
313,Laura Pérez,12,2023,36126.53
114,Rosa Pérez,12,2021,29099.3
258,Francisco Mendoza,8,2022,38731.47
176,José Morales,12,2021,47606.93
165,Juan Rodríguez,4,2022,18100.24
203,Lucía Ramírez,1,2021,49349.4
72,Marta Gómez,1,2021,5219.89
226,Ana Rodríguez,10,2023,44621.69
63,Sofía Díaz,2,2023,9242.49
349,José Pérez,7,2022,27264.27
296,Jorge Ramírez,10,2021,43689.93
275,Laura Morales,5,2023,26510.52
338,Luis Cruz,12,2022,12658.04
148,Marta Ortiz,6,2022,6658.41
88,Antonio Silva,1,2023,22192.69
344,María González,8,2023,43424.78
215,Marta Morales,6,2021,46679.16
4,Lucía Rivera,9,2022,47118.06
85,José Rivera,7,2023,40842.9
16,Pedro López,8,2022,34265.99
197,Lucía Pérez,10,2023,36993.04
319,Manuel Flores,3,2023,25332.17
240,Carlos Torres,2,2021,32071.71
148,Marta Ortiz,1,2022,8908.92
153,Elena Ramírez,5,2021,24316.78
110,Ana Gómez,10,2021,48307.33
185,Antonio Ramírez,8,2023,33692.94
69,Raúl Ramírez,12,2022,25173.22
297,Luis Mendoza,11,2022,38793.93
263,Elena Gutierrez,9,2023,43311.97
388,Pedro Rodríguez,3,2023,45007.41
147,Francisco Morales,9,2023,40999.06
138,Lucía García,8,2021,44391.02
271,Laura Díaz,2,2022,6051.14
134,Sofía González,1,2021,43821.33
277,Francisco Torres,10,2021,25625.76
337,Marta Torres,6,2021,30333.38
350,José Ramírez,10,2023,43152.89
271,Laura Díaz,1,2022,31597.47
58,Francisco García,12,2023,24529.36
185,Antonio Ramírez,7,2021,20109.5
206,Carmen Martínez,1,2022,9587.86
141,Rosa Sánchez,6,2023,45017.3
352,Miguel Flores,10,2022,17889.31
189,Jorge Gómez,3,2023,27460.34
51,Carmen Rivera,11,2023,27318.53
257,Antonio Pérez,2,2022,16618.03
156,Miguel Pérez,10,2022,14664.95
46,Miguel González,7,2021,12389.12
10,Carmen Gutierrez,11,2022,32832.77
238,Ana García,11,2022,11571.08
323,Jorge Castro,12,2021,27529.91
362,José García,8,2022,28260.52
94,Francisco Cruz,3,2021,10820.09
245,Luis Morales,8,2021,31897.95
128,Juan Gómez,1,2023,7500.99
353,Miguel Martínez,3,2023,45782.01
84,Luis Gutierrez,12,2021,16518.3
321,Antonio Sánchez,9,2023,6386.83
95,Francisco Castro,1,2022,48175.79
276,Jorge Gutierrez,9,2023,6972.57
43,Manuel Silva,8,2021,10341.82
76,Miguel Ramírez,8,2023,36592.89
146,Lucía Gutierrez,2,2022,12777.38
310,Rosa Gutierrez,12,2022,9154.83
337,Marta Torres,6,2022,6313.63
209,Pedro Silva,12,2022,15947.33
133,Raúl Torres,11,2023,44796.69
292,María Sánchez,4,2021,46860.31
400,Carlos López,5,2022,23773.15
55,Ana Torres,6,2021,39532.02
24,Ana González,1,2023,28051.73
239,Laura Sánchez,8,2023,39153.73
42,Juan García,2,2023,41673.84
343,Manuel López,5,2023,23513.69
45,Luis Ortiz,10,2022,32524.53
257,Antonio Pérez,4,2022,44570.42
5,Raúl Silva,11,2023,34058.05
323,Jorge Castro,3,2022,38882.76
159,Antonio Rivera,9,2023,37010.35
83,Pedro García,8,2022,18682.72
96,Lucía Sánchez,9,2021,18805.98
23,Carmen Flores,8,2021,24819.85
108,Carmen Cruz,12,2021,8688.94
178,Carmen Rodríguez,12,2022,26305.06
119,Luis Rodríguez,12,2022,20179.01
45,Luis Ortiz,1,2021,46528.23
180,Pedro Cruz,8,2021,26284.88
322,Lucía Flores,6,2023,40299.59
392,Lucía López,9,2023,28452.34
309,Miguel Díaz,8,2021,39766.72
66,Marta Díaz,3,2021,36069.62
90,Raúl Cruz,11,2022,48940.76
148,Marta Ortiz,12,2022,5949.21
294,Marta Sánchez,10,2022,20585.99
251,Lucía Cruz,4,2021,14829.48
26,Jorge López,6,2021,22105.58
398,María Cruz,9,2023,8063.25
292,María Sánchez,4,2021,33934.02
230,Francisco Díaz,7,2023,15041.1
42,Juan García,7,2022,24381.78
397,Sofía Castro,7,2022,40047.76
269,Laura Ramírez,2,2023,24357.43
288,Elena Rodríguez,6,2023,10070.14
86,Juan Castro,6,2023,16581.24
278,Pedro Ortiz,10,2022,22906.47
68,Miguel García,5,2022,13427.69
217,Laura Gómez,11,2021,46550.7
325,Elena Silva,3,2022,16649.35
322,Lucía Flores,9,2022,13571.4
107,Elena Gómez,1,2021,24973.18
4,Lucía Rivera,11,2022,32833.72
220,Antonio Morales,9,2023,39463.45
135,José Díaz,5,2022,14768.1
289,Sofía Rivera,6,2022,12110.5
94,Francisco Cruz,12,2023,31067.57
222,Laura Cruz,2,2021,29678.41
242,Raúl López,7,2022,21657.17
314,Sofía García,3,2023,13104.42
45,Luis Ortiz,10,2021,49309.02
14,Lucía Díaz,4,2021,15409.96
383,Francisco Rodríguez,2,2021,15761.22
43,Manuel Silva,7,2021,13164.99
134,Sofía González,11,2021,20008.27
225,Carlos Mendoza,5,2022,25758.88
330,Pedro Sánchez,5,2021,38393.54
132,Jorge Morales,3,2022,16268.64
311,Lucía Gómez,4,2023,27037.78
133,Raúl Torres,8,2022,25686.58
250,Carlos Martínez,1,2021,19819.71
68,Miguel García,9,2023,8053.95
341,Sofía Ortiz,4,2021,17762.5
66,Marta Díaz,5,2022,16757.08
134,Sofía González,1,2023,28360.66
372,Sofía Gómez,6,2021,13425.12
202,Carmen González,12,2023,21945.76
187,Raúl García,3,2022,5322.82
99,Marta Mendoza,4,2023,41059.35
285,Sofía Martínez,9,2021,14504.18
107,Elena Gómez,2,2021,13929.49
385,Pedro Ramírez,10,2021,45445.32
135,José Díaz,8,2023,22479.06
150,María Gutierrez,3,2022,49689.85
390,Jorge Rivera,6,2022,21041.17
118,Antonio García,7,2022,33564.19
1,José Mendoza,1,2023,6172.67
129,Miguel Sánchez,7,2023,6331.13
148,Marta Ortiz,9,2022,23161.81
156,Miguel Pérez,6,2021,8701.02
261,Elena López,6,2021,38385.23
89,Pedro Flores,11,2023,21860.23
382,Rosa Rodríguez,12,2021,44950.7
232,Francisco Ramírez,4,2023,21818.83
252,Francisco Gutierrez,12,2022,49332.6
391,José Flores,3,2022,23791.47
334,Laura López,8,2021,38685.94
9,Manuel Rodríguez,12,2022,42168.22
194,Antonio Rodríguez,2,2023,28879.96
290,Rosa Díaz,1,2023,15774.38
203,Lucía Ramírez,4,2023,36097.96
9,Manuel Rodríguez,1,2022,28161.16
46,Miguel González,10,2022,20120.73
158,Ana Mendoza,8,2021,19408.81
182,Lucía Morales,11,2022,34654.01
202,Carmen González,11,2023,31015.27
381,Antonio Cruz,2,2023,43204.43
371,Carlos Gutierrez,8,2023,29362.12
354,Raúl Pérez,1,2023,19043.65
259,Miguel Rodríguez,6,2021,5972.42
398,María Cruz,6,2021,28899.78
271,Laura Díaz,11,2021,49946.24
281,Juan Mendoza,5,2022,25130.53
226,Ana Rodríguez,5,2022,6400.41
9,Manuel Rodríguez,7,2023,31931.04
189,Jorge Gómez,10,2023,29139.32
3,Manuel Gómez,12,2021,44737.6
58,Francisco García,1,2023,26354.79
223,María Mendoza,3,2021,44892.65
391,José Flores,1,2023,36712.67
324,Francisco Pérez,11,2022,45551.15
308,Juan Ortiz,8,2022,48502.88
138,Lucía García,2,2023,26403.72
257,Antonio Pérez,8,2021,24946.62
142,Juan Torres,4,2022,13549.2
239,Laura Sánchez,5,2023,40387.24
71,María Castro,2,2023,29789.68
380,Carlos Ortiz,1,2022,30873.35
137,Francisco López,10,2021,34036.72
142,Juan Torres,10,2023,41323.91
95,Francisco Castro,6,2021,20132.89
279,Luis Díaz,8,2022,42539.65
335,Elena García,12,2021,10771.09
151,Carmen Ortiz,5,2023,24313.93
141,Rosa Sánchez,10,2022,35527.9
391,José Flores,8,2022,12735.11
304,Pedro Díaz,10,2023,13659.1
358,Carmen Gómez,2,2022,38308.7
395,Raúl Morales,12,2022,48059.04
90,Raúl Cruz,5,2023,27363.96
194,Antonio Rodríguez,8,2021,32967.14
163,Manuel García,6,2021,14928.4
346,Juan González,2,2022,6365.37
217,Laura Gómez,2,2021,7470.26
354,Raúl Pérez,1,2021,17482.54
317,Luis Torres,1,2021,10242.35
109,Jorge Silva,9,2023,41241.84
198,Carmen Castro,7,2022,19355.69
269,Laura Ramírez,5,2021,10304.0
386,Marta Castro,1,2021,42340.29
257,Antonio Pérez,12,2022,18198.07
384,Laura Silva,4,2023,47365.83
265,Juan Cruz,8,2022,20273.53
279,Luis Díaz,7,2022,49831.97
389,Rosa Castro,2,2022,26487.56
352,Miguel Flores,6,2021,30197.57
3,Manuel Gómez,7,2023,46896.32
13,Marta González,11,2021,19749.91
55,Ana Torres,8,2023,25366.21
181,Juan Pérez,5,2022,35342.21
389,Rosa Castro,11,2023,33794.12
220,Antonio Morales,9,2022,10979.2
315,Francisco Sánchez,7,2021,7979.15
148,Marta Ortiz,5,2022,36340.21
286,Lucía Torres,3,2021,39995.02
88,Antonio Silva,12,2021,31251.01
216,Elena Sánchez,6,2021,15246.94
197,Lucía Pérez,9,2022,35093.4
130,Ana Ortiz,6,2022,38128.21
161,Jorge Pérez,10,2023,47925.84
144,Francisco González,1,2022,36018.61
349,José Pérez,12,2023,33176.78
177,Ana Martínez,5,2022,47751.97
189,Jorge Gómez,9,2022,24951.99
245,Luis Morales,1,2022,42981.9
88,Antonio Silva,6,2023,31762.63
386,Marta Castro,8,2022,36630.13
121,Carmen García,6,2023,34210.34
54,Juan Martínez,9,2022,5365.21
101,Laura Torres,11,2023,39902.65
21,Juan López,7,2023,25817.61
253,Manuel Ortiz,3,2023,43092.03
278,Pedro Ortiz,12,2023,48664.6
106,José Martínez,12,2022,44088.5
252,Francisco Gutierrez,5,2023,5719.61
322,Lucía Flores,5,2023,15174.1
118,Antonio García,11,2021,36437.68
148,Marta Ortiz,6,2023,17176.67
339,Carlos Flores,12,2023,17422.67
376,Ana Cruz,1,2022,5843.57
38,Laura Martínez,2,2023,47159.73
251,Lucía Cruz,8,2021,47443.48
252,Francisco Gutierrez,8,2023,41907.07
236,Carlos Morales,4,2022,18583.7
142,Juan Torres,8,2022,9818.02
105,Lucía Silva,7,2022,27360.2
38,Laura Martínez,5,2022,37748.67
26,Jorge López,9,2021,7562.31
30,Sofía Rodríguez,9,2021,10498.08
239,Laura Sánchez,11,2023,39443.4
45,Luis Ortiz,9,2022,15090.83
224,Manuel Díaz,1,2023,20226.72
169,Francisco Rivera,1,2022,32771.43
8,Luis Silva,9,2023,18376.81
321,Antonio Sánchez,1,2022,43563.76
80,Rosa López,8,2022,34744.29
295,Carmen Pérez,7,2021,7880.99
354,Raúl Pérez,11,2022,49612.45
134,Sofía González,7,2021,22249.34
275,Laura Morales,11,2023,36755.12
10,Carmen Gutierrez,9,2023,17947.52
50,José Gómez,11,2023,14815.6
40,Manuel Torres,7,2022,21448.13
170,Antonio González,5,2021,18899.39
127,Pedro Gómez,9,2022,11152.12
196,Rosa Mendoza,3,2023,10368.25
233,Lucía Ortiz,6,2021,15185.65
266,Miguel Torres,4,2021,38144.49
344,María González,1,2021,24057.44
174,Antonio Ortiz,2,2022,24864.44
250,Carlos Martínez,2,2023,30454.13
48,José Cruz,10,2021,32886.94
41,Manuel Rivera,7,2023,8716.42
178,Carmen Rodríguez,8,2022,43467.48
79,José Castro,1,2022,38218.67
118,Antonio García,8,2022,47821.76
205,Antonio Flores,4,2023,19551.1
160,Raúl Ortiz,12,2021,10939.66
39,Manuel Gutierrez,1,2022,10720.52
331,Jorge Torres,3,2021,19576.79
141,Rosa Sánchez,12,2023,8483.37
16,Pedro López,7,2021,7464.0
92,Miguel López,5,2021,32994.53
359,Rosa Rivera,9,2022,47338.18
266,Miguel Torres,5,2022,23474.5
66,Marta Díaz,4,2023,19803.67
61,Marta Pérez,5,2023,24761.95
145,Laura Ortiz,5,2022,31954.63
150,María Gutierrez,4,2022,18094.6
29,Elena Flores,12,2021,36859.34
252,Francisco Gutierrez,4,2022,46938.25
270,Juan Rivera,2,2021,45715.82
308,Juan Ortiz,7,2021,35785.76
134,Sofía González,4,2021,18734.63
375,Elena Díaz,1,2022,49496.26
301,Elena González,4,2023,14362.2
21,Juan López,10,2022,24842.32
16,Pedro López,11,2022,6697.4
253,Manuel Ortiz,5,2022,48240.41
248,Marta Ramírez,2,2023,25560.3
374,Miguel Mendoza,1,2022,49233.95
103,Laura Castro,6,2022,21188.78
361,Sofía López,6,2021,33280.23
377,Ana Gutierrez,8,2021,47978.09
349,José Pérez,3,2022,33603.88
304,Pedro Díaz,7,2021,11635.07
345,Elena Pérez,9,2023,5978.21
350,José Ramírez,7,2022,44960.19
392,Lucía López,3,2021,23809.9
263,Elena Gutierrez,6,2021,43653.8
273,María Ramírez,8,2023,30566.18
58,Francisco García,3,2023,29095.09
12,Pedro Morales,2,2021,16363.03
97,Raúl Díaz,12,2022,35072.13
143,Carlos Ramírez,7,2022,25776.65
268,María Torres,2,2021,46665.6
304,Pedro Díaz,12,2023,45560.14
349,José Pérez,8,2023,47271.9
275,Laura Morales,11,2023,11367.28
326,Antonio López,8,2022,31133.2
170,Antonio González,10,2021,38952.62
193,Rosa Martínez,11,2022,24726.93
372,Sofía Gómez,10,2021,33368.51
34,María Silva,11,2021,24982.86
371,Carlos Gutierrez,10,2021,10094.34
335,Elena García,6,2022,44170.98
31,Pedro Pérez,2,2022,20357.91
23,Carmen Flores,10,2021,49060.14
107,Elena Gómez,2,2023,20895.81
357,Miguel Silva,11,2021,31405.56
110,Ana Gómez,3,2022,44569.49
101,Laura Torres,12,2023,49962.84
108,Carmen Cruz,1,2022,25067.46
214,Carlos González,6,2023,37836.16
176,José Morales,8,2022,32065.27
368,Sofía Silva,9,2021,23848.64
229,Ana Castro,6,2021,21948.18
328,Jorge Rodríguez,6,2023,7591.87
346,Juan González,12,2022,7059.82
307,Elena Morales,9,2022,23093.55
90,Raúl Cruz,1,2023,9721.01
6,Ana López,6,2022,41950.87
274,Carmen Ramírez,4,2022,29069.2
141,Rosa Sánchez,11,2022,28899.89
289,Sofía Rivera,3,2021,18746.77
12,Pedro Morales,8,2023,6633.21
184,Manuel Sánchez,6,2023,14496.64
239,Laura Sánchez,10,2021,18963.81
31,Pedro Pérez,10,2023,46618.37
230,Francisco Díaz,4,2022,34052.83
260,Pedro Castro,9,2023,18557.63
270,Juan Rivera,12,2021,31635.96
45,Luis Ortiz,9,2023,37165.88
260,Pedro Castro,4,2022,26330.16
271,Laura Díaz,7,2021,34589.72
306,María Morales,3,2021,10665.53
372,Sofía Gómez,8,2022,49897.54
129,Miguel Sánchez,6,2021,35840.72
190,Lucía Rodríguez,10,2023,21503.47
198,Carmen Castro,2,2021,8210.72
102,Laura Flores,11,2023,13889.25
41,Manuel Rivera,3,2021,40116.37
150,María Gutierrez,7,2021,24362.16
394,Sofía Ramírez,2,2022,43728.45
216,Elena Sánchez,2,2021,45206.59
299,Raúl Rodríguez,3,2022,30670.28
92,Miguel López,12,2022,16497.87
331,Jorge Torres,9,2023,41763.79
194,Antonio Rodríguez,10,2021,29239.94
104,Marta García,1,2023,47263.08
62,Sofía Sánchez,7,2022,49294.52
38,Laura Martínez,8,2021,23150.81
144,Francisco González,8,2023,8940.59
354,Raúl Pérez,3,2021,18330.93
154,Laura Mendoza,4,2021,43517.5
15,José Rodríguez,9,2023,26178.51
127,Pedro Gómez,5,2022,25692.58
245,Luis Morales,5,2023,21937.1
9,Manuel Rodríguez,4,2022,37769.55
297,Luis Mendoza,2,2022,10421.1
59,José Sánchez,12,2023,24433.21
293,Pedro Mendoza,5,2022,28568.01
154,Laura Mendoza,5,2021,32367.65
382,Rosa Rodríguez,5,2022,31209.52
300,Elena Ortiz,11,2023,44055.88
46,Miguel González,2,2022,13172.24
15,José Rodríguez,4,2023,44890.93
307,Elena Morales,10,2023,46451.13
63,Sofía Díaz,2,2022,43104.1
173,Juan Gutierrez,8,2022,30286.66
350,José Ramírez,9,2023,35972.16
340,Carlos Rodríguez,11,2022,40287.05
73,Jorge Díaz,1,2021,6383.13
223,María Mendoza,4,2023,36097.04
197,Lucía Pérez,9,2023,35475.74
1,José Mendoza,5,2022,36252.35
357,Miguel Silva,11,2021,45436.47
370,Ana Sánchez,5,2021,16541.61
226,Ana Rodríguez,4,2023,7085.86
112,Miguel Gutierrez,5,2022,18602.63
61,Marta Pérez,3,2022,49945.15
174,Antonio Ortiz,1,2021,35694.19
258,Francisco Mendoza,10,2023,24873.75
186,Laura García,9,2023,45993.08
87,Marta López,8,2021,15750.0
267,Miguel Gómez,10,2021,37417.62
25,Carmen Morales,1,2023,27382.71
299,Raúl Rodríguez,9,2022,42788.71
360,Carlos Silva,6,2023,45184.08
9,Manuel Rodríguez,3,2021,41865.31
350,José Ramírez,10,2022,26117.26
5,Raúl Silva,5,2021,29282.63
13,Marta González,5,2021,29493.34
171,Pedro González,3,2022,23589.23
57,Luis González,11,2022,44965.52
170,Antonio González,7,2023,15314.54
126,José Silva,12,2023,48262.74
215,Marta Morales,1,2023,17157.22
126,José Silva,6,2022,12803.8
225,Carlos Mendoza,1,2023,34898.5
8,Luis Silva,8,2022,19161.76
275,Laura Morales,12,2021,22325.05
280,Carmen López,7,2022,20019.61
197,Lucía Pérez,3,2021,12580.33
75,Juan Flores,5,2023,32081.32
376,Ana Cruz,2,2022,14368.16
228,Jorge González,1,2021,10067.64
41,Manuel Rivera,8,2022,22946.85
116,Antonio Díaz,10,2023,20907.51
28,Rosa Ortiz,8,2023,24424.88
349,José Pérez,10,2022,6993.15
199,Manuel Mendoza,7,2021,9252.5
296,Jorge Ramírez,3,2021,23173.41
391,José Flores,6,2023,12356.99
310,Rosa Gutierrez,8,2022,9588.17
121,Carmen García,6,2022,30742.9
286,Lucía Torres,11,2023,48913.01
18,Ana Flores,4,2023,34027.04
355,Miguel Ortiz,8,2023,42756.01
135,José Díaz,2,2023,20300.01
210,Jorge Ortiz,4,2021,34489.93
329,Sofía Mendoza,12,2023,47538.81
70,Sofía Pérez,5,2023,9305.29
396,Rosa Gómez,1,2022,32127.68
225,Carlos Mendoza,1,2022,21318.93
361,Sofía López,5,2023,25309.35
207,Laura Gutierrez,10,2022,24976.54
354,Raúl Pérez,3,2021,49790.54
333,Carlos Cruz,1,2021,46491.65
328,Jorge Rodríguez,11,2021,31125.85
275,Laura Morales,6,2022,20004.62
16,Pedro López,5,2023,40391.93
213,María García,10,2022,7989.5
77,Raúl Castro,5,2022,25313.21
76,Miguel Ramírez,9,2023,48740.45
133,Raúl Torres,8,2021,8135.16
60,María Flores,11,2023,40525.61
108,Carmen Cruz,4,2021,21360.6
309,Miguel Díaz,4,2023,13661.67
218,Rosa Ramírez,5,2022,29195.21
71,María Castro,2,2021,45398.42
35,Raúl Gómez,7,2023,11950.97
149,Manuel González,5,2022,16160.62
87,Marta López,1,2023,44227.41
196,Rosa Mendoza,8,2023,18550.27
158,Ana Mendoza,9,2023,42175.61
104,Marta García,12,2021,30104.62
81,Elena Mendoza,2,2021,32709.97
394,Sofía Ramírez,1,2022,29046.18
327,Raúl Mendoza,8,2023,38525.7
11,Francisco Silva,9,2023,27642.26
93,Pedro Rivera,12,2022,18026.29
163,Manuel García,7,2023,37811.04
76,Miguel Ramírez,2,2023,28153.39
194,Antonio Rodríguez,4,2022,11939.18
302,Laura Rivera,4,2021,40764.63
88,Antonio Silva,6,2023,7004.49
314,Sofía García,8,2021,47127.01
398,María Cruz,9,2021,45303.61
144,Francisco González,12,2021,42635.25
216,Elena Sánchez,10,2021,30282.87
400,Carlos López,10,2023,31815.39
400,Carlos López,11,2023,37258.08
143,Carlos Ramírez,12,2021,44217.5
174,Antonio Ortiz,5,2021,11586.19
314,Sofía García,5,2021,18886.43
39,Manuel Gutierrez,3,2023,8386.1
376,Ana Cruz,5,2021,28997.54
360,Carlos Silva,12,2022,16282.15
299,Raúl Rodríguez,5,2021,7693.4
116,Antonio Díaz,8,2021,13180.57
290,Rosa Díaz,12,2022,19162.04
370,Ana Sánchez,4,2021,28942.82
257,Antonio Pérez,4,2022,45554.36
256,Luis Gómez,5,2022,42457.68
244,José Torres,7,2023,25453.59
278,Pedro Ortiz,12,2023,34735.09
171,Pedro González,9,2023,42037.31
307,Elena Morales,4,2021,35508.32
391,José Flores,5,2023,35160.64
69,Raúl Ramírez,6,2023,11830.44
25,Carmen Morales,5,2021,5586.48
295,Carmen Pérez,6,2022,43172.9
135,José Díaz,6,2021,12297.38
166,Antonio Mendoza,10,2023,20056.6
73,Jorge Díaz,6,2023,30115.85
170,Antonio González,8,2022,44332.62
336,Carmen Sánchez,2,2021,30207.27
32,Juan Ramírez,9,2022,42266.81
172,Rosa Silva,12,2021,23555.75
390,Jorge Rivera,9,2021,17080.06
17,Sofía Torres,8,2021,6012.28
12,Pedro Morales,9,2022,5364.48
362,José García,5,2022,19232.1
104,Marta García,8,2022,33935.59
312,Marta Gutierrez,5,2022,17234.54
95,Francisco Castro,11,2021,37670.97
307,Elena Morales,11,2021,41247.88
26,Jorge López,10,2023,23888.8
83,Pedro García,6,2022,49455.66
40,Manuel Torres,11,2021,46663.91
96,Lucía Sánchez,11,2022,39866.69
71,María Castro,1,2022,26288.22
279,Luis Díaz,5,2021,49074.71
1,José Mendoza,7,2021,7358.78
215,Marta Morales,10,2021,48608.98
226,Ana Rodríguez,10,2021,22676.57
157,Raúl Martínez,7,2023,24807.35
301,Elena González,7,2021,33438.08
87,Marta López,1,2021,44780.91
299,Raúl Rodríguez,9,2023,33039.8
375,Elena Díaz,2,2022,39060.16
348,Lucía González,1,2023,7861.25
213,María García,7,2021,5077.16
173,Juan Gutierrez,11,2023,29069.87
210,Jorge Ortiz,5,2021,22766.18
177,Ana Martínez,10,2022,41259.74
281,Juan Mendoza,7,2022,30317.72
297,Luis Mendoza,9,2023,39289.14
311,Lucía Gómez,11,2023,14586.31
393,Francisco Gómez,2,2021,32449.82
63,Sofía Díaz,1,2023,5707.07
90,Raúl Cruz,5,2022,45433.77
247,Carlos García,1,2021,25059.3
222,Laura Cruz,10,2022,9404.02
354,Raúl Pérez,6,2022,33031.81
251,Lucía Cruz,1,2022,11232.42
281,Juan Mendoza,10,2021,45675.62
89,Pedro Flores,1,2021,7722.42
154,Laura Mendoza,12,2022,26049.66
4,Lucía Rivera,4,2023,16385.79
163,Manuel García,8,2022,10514.4
239,Laura Sánchez,1,2023,45343.71
120,Marta Silva,5,2021,11233.48
42,Juan García,10,2021,41068.61
224,Manuel Díaz,7,2023,40954.87
108,Carmen Cruz,9,2021,41039.45
253,Manuel Ortiz,4,2022,14130.19
47,Manuel Ramírez,11,2023,24796.82
191,Juan Sánchez,11,2021,41171.92
304,Pedro Díaz,8,2023,18892.63
280,Carmen López,11,2021,35905.62
364,Jorge Mendoza,7,2021,24700.95
1,José Mendoza,7,2022,17040.46
304,Pedro Díaz,8,2023,28699.22
225,Carlos Mendoza,6,2021,17400.49
329,Sofía Mendoza,2,2022,42537.21
379,Juan Silva,6,2022,44700.55
390,Jorge Rivera,6,2021,42495.06
390,Jorge Rivera,7,2022,40654.18
285,Sofía Martínez,5,2021,30855.68
196,Rosa Mendoza,5,2021,17845.68
69,Raúl Ramírez,4,2023,25592.7
119,Luis Rodríguez,2,2022,45920.17
150,María Gutierrez,1,2022,29452.26
89,Pedro Flores,2,2023,21799.05
161,Jorge Pérez,4,2021,21500.41
190,Lucía Rodríguez,9,2023,41585.91
326,Antonio López,12,2023,7449.04
282,Rosa Morales,4,2021,30016.36
114,Rosa Pérez,12,2022,25766.39
305,Ana Rivera,8,2022,39121.51
103,Laura Castro,6,2021,11143.96
276,Jorge Gutierrez,1,2021,19856.63
206,Carmen Martínez,3,2023,35401.0
311,Lucía Gómez,12,2023,40501.45
212,María Pérez,8,2022,42340.11
75,Juan Flores,7,2022,42732.05
309,Miguel Díaz,1,2023,29796.01
175,Rosa Cruz,11,2022,33699.66
251,Lucía Cruz,11,2023,36379.73
110,Ana Gómez,6,2023,16835.26
4,Lucía Rivera,10,2021,29651.56
15,José Rodríguez,9,2022,9590.82
98,Carlos Díaz,7,2022,11219.21
116,Antonio Díaz,11,2022,35977.37
1,José Mendoza,2,2021,28696.22
273,María Ramírez,4,2022,39852.58
185,Antonio Ramírez,4,2021,12036.12
189,Jorge Gómez,5,2021,16999.29
33,Elena Martínez,9,2021,18779.44
160,Raúl Ortiz,2,2021,47933.9
134,Sofía González,2,2023,34277.5
299,Raúl Rodríguez,5,2023,16775.85
159,Antonio Rivera,11,2021,45884.04
210,Jorge Ortiz,4,2022,15543.88
158,Ana Mendoza,4,2023,18777.76
177,Ana Martínez,7,2021,22194.91
147,Francisco Morales,6,2022,39663.02
80,Rosa López,4,2021,39413.72
276,Jorge Gutierrez,8,2022,40014.9
257,Antonio Pérez,7,2023,24812.65
379,Juan Silva,7,2023,12196.29
294,Marta Sánchez,8,2022,29295.28
131,María Ortiz,1,2021,41579.11
210,Jorge Ortiz,11,2021,32976.33
25,Carmen Morales,3,2022,43078.42
308,Juan Ortiz,5,2023,12512.44
314,Sofía García,5,2021,16186.36
341,Sofía Ortiz,4,2022,19437.35
225,Carlos Mendoza,12,2021,42658.03
226,Ana Rodríguez,12,2022,22401.57
324,Francisco Pérez,4,2021,35262.27
252,Francisco Gutierrez,3,2023,19636.35
357,Miguel Silva,9,2022,44172.24
263,Elena Gutierrez,3,2022,5904.36
308,Juan Ortiz,5,2022,26275.53
16,Pedro López,10,2021,13841.68
54,Juan Martínez,3,2021,25171.25
390,Jorge Rivera,5,2021,14260.41
42,Juan García,1,2022,13492.77
12,Pedro Morales,12,2023,11249.46
136,Carmen Silva,8,2023,26993.91
208,Luis García,2,2023,23668.81
314,Sofía García,8,2023,21377.44
102,Laura Flores,11,2023,30443.05
270,Juan Rivera,7,2021,26346.88
259,Miguel Rodríguez,5,2021,28807.79
375,Elena Díaz,5,2023,47345.7
178,Carmen Rodríguez,12,2022,26036.79
40,Manuel Torres,4,2022,39097.47
179,Jorge Martínez,11,2021,32181.89
255,Luis Flores,11,2021,44322.5
97,Raúl Díaz,12,2023,9852.71
107,Elena Gómez,3,2021,45539.3
241,Miguel Rivera,11,2021,22754.82
199,Manuel Mendoza,6,2022,35868.79
150,María Gutierrez,6,2023,25306.03
230,Francisco Díaz,8,2023,45169.37
125,Manuel Castro,7,2023,41679.56
69,Raúl Ramírez,1,2022,31872.17
152,Laura González,1,2022,42804.45
326,Antonio López,4,2022,38291.28
70,Sofía Pérez,2,2022,21265.43
54,Juan Martínez,4,2022,27001.69
227,Raúl Sánchez,10,2022,30559.07
84,Luis Gutierrez,3,2021,41530.7
226,Ana Rodríguez,3,2021,20102.63
8,Luis Silva,9,2022,25307.45
252,Francisco Gutierrez,3,2021,10260.08
273,María Ramírez,9,2022,38015.97
377,Ana Gutierrez,12,2021,17486.87
57,Luis González,12,2022,21696.48
180,Pedro Cruz,12,2023,13996.01
13,Marta González,2,2022,29276.69
382,Rosa Rodríguez,8,2023,39583.09
16,Pedro López,2,2021,22205.91
123,Miguel Cruz,8,2021,41950.06
11,Francisco Silva,9,2023,38678.53
308,Juan Ortiz,4,2022,10331.28
349,José Pérez,5,2022,44637.37
278,Pedro Ortiz,8,2023,27183.3
251,Lucía Cruz,3,2021,37304.23
299,Raúl Rodríguez,8,2023,6118.19
89,Pedro Flores,12,2022,11928.67
104,Marta García,5,2023,35221.13
130,Ana Ortiz,4,2023,23497.61
237,Jorge Flores,2,2023,10751.85
331,Jorge Torres,6,2022,42992.87
231,Miguel Morales,10,2023,18439.57
147,Francisco Morales,9,2021,29556.12
365,Marta Rivera,3,2022,8184.34
2,Jorge Sánchez,4,2023,25885.7
326,Antonio López,8,2023,23649.56
116,Antonio Díaz,12,2023,22319.5
345,Elena Pérez,7,2023,29726.42
336,Carmen Sánchez,11,2023,34258.45
290,Rosa Díaz,6,2021,18005.33
152,Laura González,12,2023,17055.23
63,Sofía Díaz,9,2022,18449.28
241,Miguel Rivera,11,2021,35840.78
290,Rosa Díaz,9,2023,25964.74
338,Luis Cruz,1,2022,7568.86
115,Sofía Gutierrez,10,2023,27392.7
17,Sofía Torres,5,2021,6298.51
350,José Ramírez,8,2021,37825.96
129,Miguel Sánchez,9,2022,15054.72
3,Manuel Gómez,9,2023,39979.55
118,Antonio García,8,2023,14543.94
315,Francisco Sánchez,2,2022,16734.73
299,Raúl Rodríguez,5,2021,27718.7
353,Miguel Martínez,10,2023,22647.37
19,Marta Flores,9,2021,5733.15
260,Pedro Castro,6,2021,32743.71
318,Pedro Martínez,7,2022,6996.24
30,Sofía Rodríguez,11,2022,49740.23
302,Laura Rivera,10,2022,18294.21
188,Laura Rodríguez,5,2021,38063.74
52,Manuel Pérez,2,2021,45650.61
234,Antonio Torres,9,2021,7225.06
33,Elena Martínez,1,2022,34017.69
381,Antonio Cruz,2,2022,8648.48
140,Antonio Martínez,6,2023,13166.25
264,Elena Rivera,1,2021,18244.56
15,José Rodríguez,3,2023,30317.96
26,Jorge López,5,2023,13200.92
321,Antonio Sánchez,2,2021,12582.94
357,Miguel Silva,12,2022,13013.59
294,Marta Sánchez,2,2022,9711.77
243,Elena Torres,6,2022,11085.46
286,Lucía Torres,10,2022,20333.7
247,Carlos García,10,2022,31385.27
289,Sofía Rivera,6,2023,21331.9
179,Jorge Martínez,5,2022,37987.13
217,Laura Gómez,4,2021,38072.51
125,Manuel Castro,1,2022,41192.63
112,Miguel Gutierrez,8,2023,42897.0
334,Laura López,9,2023,33307.25
182,Lucía Morales,5,2022,47678.6
222,Laura Cruz,6,2023,43497.97
243,Elena Torres,10,2021,47551.56
143,Carlos Ramírez,4,2023,12839.89
374,Miguel Mendoza,5,2023,35335.05
55,Ana Torres,12,2023,30552.52
380,Carlos Ortiz,12,2023,24860.11
37,Ana Morales,11,2023,13909.73
393,Francisco Gómez,8,2023,30114.35
385,Pedro Ramírez,2,2022,44651.24
69,Raúl Ramírez,9,2021,29326.65
13,Marta González,9,2022,45384.89
160,Raúl Ortiz,2,2021,17520.91
209,Pedro Silva,10,2021,45847.94
317,Luis Torres,4,2023,7379.82
346,Juan González,3,2022,20314.1
95,Francisco Castro,11,2023,39533.12
196,Rosa Mendoza,9,2022,16496.47
324,Francisco Pérez,4,2021,48203.99
217,Laura Gómez,7,2022,41314.83
307,Elena Morales,3,2021,47117.66
360,Carlos Silva,5,2022,11203.81
98,Carlos Díaz,5,2023,15277.33
185,Antonio Ramírez,2,2021,21685.03
10,Carmen Gutierrez,2,2022,47019.99
115,Sofía Gutierrez,5,2023,35870.97
199,Manuel Mendoza,7,2022,47045.93
282,Rosa Morales,6,2022,35795.04
19,Marta Flores,6,2022,17571.2
50,José Gómez,11,2023,17936.7
286,Lucía Torres,11,2021,43464.2
149,Manuel González,8,2023,31986.21
201,Antonio Gutierrez,3,2023,34139.35
242,Raúl López,2,2023,22072.44
346,Juan González,5,2021,19021.61
151,Carmen Ortiz,6,2023,38124.74
143,Carlos Ramírez,12,2021,18250.37
150,María Gutierrez,12,2021,16740.98
41,Manuel Rivera,11,2022,34287.62
85,José Rivera,6,2022,43586.98
10,Carmen Gutierrez,10,2022,39765.66
149,Manuel González,12,2022,32527.79
260,Pedro Castro,5,2023,35647.12
384,Laura Silva,11,2021,33320.87
395,Raúl Morales,8,2021,26689.26
213,María García,6,2023,15068.56
327,Raúl Mendoza,9,2022,47071.13
204,Carlos Castro,3,2023,7414.76
230,Francisco Díaz,8,2022,38181.31
267,Miguel Gómez,8,2022,30728.54
66,Marta Díaz,5,2023,33677.97
183,Luis Pérez,11,2023,31420.01
89,Pedro Flores,12,2023,21045.77
59,José Sánchez,12,2022,41128.11
376,Ana Cruz,6,2021,31917.58
298,Francisco Martínez,12,2021,19206.82
372,Sofía Gómez,1,2023,32135.14
390,Jorge Rivera,9,2023,40152.53
133,Raúl Torres,2,2021,21934.1
159,Antonio Rivera,2,2023,35778.22
130,Ana Ortiz,6,2022,46817.63
45,Luis Ortiz,8,2021,46804.64
274,Carmen Ramírez,1,2021,5741.96
236,Carlos Morales,5,2022,21333.38
229,Ana Castro,8,2022,35492.65
270,Juan Rivera,7,2022,20683.02
215,Marta Morales,1,2022,28771.09
307,Elena Morales,8,2022,7149.08
100,Raúl Flores,11,2021,27115.86
256,Luis Gómez,12,2023,35692.29
77,Raúl Castro,12,2022,35751.94
82,Pedro Gutierrez,8,2023,7253.93
215,Marta Morales,7,2023,18453.59
79,José Castro,2,2021,36235.31
33,Elena Martínez,9,2023,12201.52
312,Marta Gutierrez,10,2021,16526.79
205,Antonio Flores,4,2023,16876.55
251,Lucía Cruz,10,2021,26327.88
282,Rosa Morales,1,2022,15743.26
316,Ana Silva,6,2023,27233.27
334,Laura López,3,2022,47919.63
329,Sofía Mendoza,1,2023,33725.12
14,Lucía Díaz,9,2021,48131.52
364,Jorge Mendoza,6,2023,31861.43
143,Carlos Ramírez,7,2022,7245.86
124,Carmen Díaz,8,2021,13678.46
83,Pedro García,12,2023,44169.69
377,Ana Gutierrez,5,2022,17102.13
315,Francisco Sánchez,8,2022,35057.02
163,Manuel García,9,2022,21735.8
366,María López,12,2022,43787.9
170,Antonio González,1,2021,20186.27
53,Rosa García,6,2023,30566.24
156,Miguel Pérez,3,2023,15122.44
170,Antonio González,4,2023,48145.33
174,Antonio Ortiz,2,2021,5569.7
27,Elena Castro,6,2021,20104.81
307,Elena Morales,12,2021,20430.49
10,Carmen Gutierrez,11,2022,37893.73
128,Juan Gómez,3,2023,27964.06
82,Pedro Gutierrez,8,2022,16866.33
270,Juan Rivera,4,2023,20180.45
267,Miguel Gómez,3,2022,19752.49
131,María Ortiz,8,2022,38159.3
265,Juan Cruz,12,2022,8668.1
226,Ana Rodríguez,5,2021,32842.65
57,Luis González,8,2022,6482.67
182,Lucía Morales,2,2021,5116.29
256,Luis Gómez,9,2023,24007.63
220,Antonio Morales,5,2023,6225.78
359,Rosa Rivera,7,2021,6642.72
82,Pedro Gutierrez,5,2023,29376.92
389,Rosa Castro,4,2023,35616.26
236,Carlos Morales,6,2021,31358.27
58,Francisco García,6,2021,45848.29
370,Ana Sánchez,9,2021,48923.95
198,Carmen Castro,5,2021,33955.6
275,Laura Morales,10,2023,22396.23
387,Sofía Cruz,11,2022,12477.73
216,Elena Sánchez,4,2021,48368.08
292,María Sánchez,8,2021,26309.72
121,Carmen García,1,2022,20382.93
151,Carmen Ortiz,11,2022,40478.1
249,Manuel Cruz,1,2022,11544.2
248,Marta Ramírez,7,2023,28187.18
218,Rosa Ramírez,2,2021,44229.25
129,Miguel Sánchez,7,2023,36371.26
104,Marta García,6,2021,42314.91
159,Antonio Rivera,1,2022,7244.0
278,Pedro Ortiz,11,2023,8744.88
133,Raúl Torres,10,2022,22803.71
180,Pedro Cruz,7,2023,25606.74
367,Luis López,7,2021,13103.49
271,Laura Díaz,2,2022,10223.08
19,Marta Flores,8,2022,18724.68
97,Raúl Díaz,1,2021,9035.13
69,Raúl Ramírez,10,2022,5422.37
16,Pedro López,11,2023,37955.13
248,Marta Ramírez,9,2021,49672.39
372,Sofía Gómez,12,2022,43755.63
274,Carmen Ramírez,12,2022,7191.8
244,José Torres,9,2021,20271.23
349,José Pérez,1,2021,42093.71
345,Elena Pérez,2,2023,21485.57
67,Francisco Ortiz,2,2021,21168.48
137,Francisco López,4,2023,49522.97
258,Francisco Mendoza,11,2021,18571.99
398,María Cruz,7,2022,12355.18
355,Miguel Ortiz,9,2022,21315.51
190,Lucía Rodríguez,3,2021,7512.0
111,María Díaz,9,2023,15777.99
140,Antonio Martínez,4,2023,43195.68
280,Carmen López,10,2022,18891.76
109,Jorge Silva,12,2021,30855.26
17,Sofía Torres,2,2021,31029.59
148,Marta Ortiz,9,2021,27420.38
269,Laura Ramírez,3,2021,47691.37
22,Miguel Castro,3,2023,31991.36
385,Pedro Ramírez,5,2021,14000.59
206,Carmen Martínez,1,2023,19309.27
397,Sofía Castro,5,2022,18013.94
195,Manuel Martínez,6,2023,47628.97
180,Pedro Cruz,9,2023,38860.75
145,Laura Ortiz,3,2021,5106.24
70,Sofía Pérez,10,2022,37498.86
104,Marta García,9,2022,30248.22
307,Elena Morales,2,2023,34664.6
349,José Pérez,7,2021,48510.62
28,Rosa Ortiz,4,2021,5950.98
222,Laura Cruz,3,2023,33727.04
328,Jorge Rodríguez,5,2022,40528.76
205,Antonio Flores,5,2022,24610.23
255,Luis Flores,9,2023,33144.1
153,Elena Ramírez,6,2022,11887.96
387,Sofía Cruz,11,2023,37355.61
366,María López,10,2023,18796.33
208,Luis García,9,2023,32391.43
316,Ana Silva,12,2022,9712.02
257,Antonio Pérez,6,2023,17913.2
357,Miguel Silva,2,2022,8599.52
59,José Sánchez,2,2021,7807.7
22,Miguel Castro,12,2021,7842.19
226,Ana Rodríguez,6,2022,44365.72
169,Francisco Rivera,4,2023,7639.13
267,Miguel Gómez,7,2021,35513.53
248,Marta Ramírez,2,2023,30941.02
42,Juan García,4,2023,47319.57
185,Antonio Ramírez,10,2023,41554.14
310,Rosa Gutierrez,4,2022,43867.62
391,José Flores,8,2023,32716.21
245,Luis Morales,6,2021,36342.84
350,José Ramírez,11,2022,8754.87
192,Raúl González,9,2021,35673.44
96,Lucía Sánchez,3,2021,20674.62
128,Juan Gómez,4,2023,38621.14
135,José Díaz,6,2023,13351.42
379,Juan Silva,9,2023,36761.94
392,Lucía López,8,2023,21747.98
232,Francisco Ramírez,12,2021,14551.36
340,Carlos Rodríguez,11,2021,25386.43
41,Manuel Rivera,8,2023,40215.4
70,Sofía Pérez,3,2023,33843.41
318,Pedro Martínez,5,2022,23406.59
122,María Rivera,9,2021,9778.24
181,Juan Pérez,10,2023,12753.76
184,Manuel Sánchez,11,2022,13168.22
223,María Mendoza,9,2023,25219.12
374,Miguel Mendoza,1,2021,24756.82
339,Carlos Flores,8,2021,20569.08
189,Jorge Gómez,11,2022,15068.05
163,Manuel García,11,2023,47946.11
152,Laura González,9,2021,22148.53
361,Sofía López,12,2022,34111.77
111,María Díaz,11,2022,8317.2
250,Carlos Martínez,12,2022,27600.4
74,Carmen Torres,4,2021,8178.55
170,Antonio González,3,2021,7152.68
44,Luis Castro,6,2021,26023.59
169,Francisco Rivera,11,2022,5516.88
180,Pedro Cruz,6,2023,49410.24
385,Pedro Ramírez,11,2021,38031.2
380,Carlos Ortiz,12,2023,29747.4
317,Luis Torres,1,2022,48368.31
271,Laura Díaz,2,2021,24818.4
382,Rosa Rodríguez,8,2022,20928.72
393,Francisco Gómez,3,2022,6638.45
299,Raúl Rodríguez,3,2023,40407.73
295,Carmen Pérez,12,2021,36625.52
252,Francisco Gutierrez,5,2022,26860.79
373,Luis Martínez,7,2023,37012.71
363,Ana Ramírez,11,2022,39644.41
293,Pedro Mendoza,7,2021,47818.14
84,Luis Gutierrez,1,2023,43082.07
332,Luis Sánchez,11,2022,48966.82
157,Raúl Martínez,5,2021,49702.6
167,María Rodríguez,8,2021,14997.72
137,Francisco López,6,2021,48619.85
126,José Silva,6,2022,21634.91
41,Manuel Rivera,9,2022,33304.79
41,Manuel Rivera,8,2021,22291.4
20,Luis Rivera,3,2021,25713.65
354,Raúl Pérez,11,2023,9762.55
400,Carlos López,8,2022,27677.56
279,Luis Díaz,3,2021,33294.36
142,Juan Torres,12,2022,41142.28
344,María González,9,2023,37647.37
56,Carlos Sánchez,5,2023,26792.4
324,Francisco Pérez,4,2022,34428.04
332,Luis Sánchez,4,2022,17265.63
45,Luis Ortiz,7,2021,32178.53
190,Lucía Rodríguez,1,2022,29797.54
398,María Cruz,3,2022,26397.73
64,Jorge Cruz,2,2023,5811.93
313,Laura Pérez,7,2022,23549.46
351,Pedro Torres,4,2023,25805.54
57,Luis González,5,2022,26254.59
14,Lucía Díaz,5,2022,21991.95
94,Francisco Cruz,7,2022,38741.77
338,Luis Cruz,5,2021,6007.3
399,Sofía Morales,3,2021,38029.92
212,María Pérez,2,2021,45076.8
120,Marta Silva,12,2023,21238.32
83,Pedro García,2,2021,44772.35
79,José Castro,9,2021,15244.02
236,Carlos Morales,12,2023,19056.46
242,Raúl López,1,2023,34086.81
50,José Gómez,12,2023,7292.3
305,Ana Rivera,1,2022,33605.33
201,Antonio Gutierrez,2,2022,35045.27
98,Carlos Díaz,2,2023,42467.13
236,Carlos Morales,11,2022,28571.11
57,Luis González,3,2021,29736.64
180,Pedro Cruz,4,2022,15672.43
90,Raúl Cruz,6,2023,33526.73
271,Laura Díaz,10,2022,30765.96
190,Lucía Rodríguez,7,2022,28553.39
224,Manuel Díaz,12,2021,12890.88
65,María Gómez,10,2023,34098.0
60,María Flores,3,2023,28971.75
69,Raúl Ramírez,5,2023,18139.21
227,Raúl Sánchez,7,2023,11086.69
337,Marta Torres,3,2022,47175.59
114,Rosa Pérez,10,2021,30971.46
380,Carlos Ortiz,11,2023,36493.08
147,Francisco Morales,2,2021,37541.18
37,Ana Morales,2,2021,21467.4
294,Marta Sánchez,10,2023,21213.06
57,Luis González,7,2023,9836.06
165,Juan Rodríguez,7,2021,32200.91
18,Ana Flores,8,2021,22977.2
349,José Pérez,3,2023,5895.17
56,Carlos Sánchez,5,2021,45060.0
193,Rosa Martínez,4,2021,18771.22
353,Miguel Martínez,5,2021,17532.44
82,Pedro Gutierrez,11,2021,13895.56
120,Marta Silva,11,2021,31156.92
24,Ana González,4,2022,45260.63
388,Pedro Rodríguez,9,2023,16956.97
289,Sofía Rivera,9,2021,15316.46
190,Lucía Rodríguez,2,2022,15411.03
23,Carmen Flores,8,2022,30857.83
156,Miguel Pérez,6,2021,44234.54
139,Lucía Castro,8,2023,28054.64
326,Antonio López,9,2021,38879.65
217,Laura Gómez,5,2023,42515.07
137,Francisco López,5,2023,13918.84
293,Pedro Mendoza,7,2021,20272.25
374,Miguel Mendoza,10,2023,16050.24
387,Sofía Cruz,10,2022,48944.07
322,Lucía Flores,3,2021,39628.53
88,Antonio Silva,5,2022,5784.66
267,Miguel Gómez,12,2021,43904.69
16,Pedro López,11,2023,21312.2
130,Ana Ortiz,12,2022,26317.9
350,José Ramírez,2,2021,28592.82
2,Jorge Sánchez,3,2023,9257.03
275,Laura Morales,10,2021,20134.97
120,Marta Silva,10,2022,34929.64
281,Juan Mendoza,6,2022,24985.23
100,Raúl Flores,2,2021,7472.51
142,Juan Torres,2,2021,12304.09
263,Elena Gutierrez,11,2022,15796.24
371,Carlos Gutierrez,5,2021,43537.14
148,Marta Ortiz,1,2022,20584.99
83,Pedro García,1,2022,43221.66
143,Carlos Ramírez,5,2022,49669.51
88,Antonio Silva,7,2021,42641.86
163,Manuel García,3,2022,7281.16
52,Manuel Pérez,9,2022,23868.69
377,Ana Gutierrez,6,2022,36846.55
15,José Rodríguez,6,2021,39554.72
188,Laura Rodríguez,11,2021,48931.66
293,Pedro Mendoza,4,2021,44893.75
224,Manuel Díaz,3,2022,38345.81
269,Laura Ramírez,5,2021,19856.94
126,José Silva,6,2023,22036.89
289,Sofía Rivera,10,2023,36483.35
10,Carmen Gutierrez,7,2023,25070.16
178,Carmen Rodríguez,10,2023,47362.74
317,Luis Torres,10,2022,6942.47
75,Juan Flores,7,2022,6375.72
252,Francisco Gutierrez,3,2023,38946.82
29,Elena Flores,4,2021,29185.32
274,Carmen Ramírez,5,2023,12864.08
201,Antonio Gutierrez,8,2022,40871.24
275,Laura Morales,2,2022,27413.12
123,Miguel Cruz,1,2023,15863.83
60,María Flores,8,2023,13023.54
226,Ana Rodríguez,6,2022,6800.21
229,Ana Castro,1,2023,31970.38
29,Elena Flores,3,2023,43868.5
395,Raúl Morales,8,2022,39330.57
267,Miguel Gómez,10,2021,10829.42
304,Pedro Díaz,4,2022,43586.88
333,Carlos Cruz,6,2022,43526.23
66,Marta Díaz,6,2021,15264.72
221,Ana Díaz,6,2023,48741.39
139,Lucía Castro,3,2023,10885.7
273,María Ramírez,6,2023,6350.03
346,Juan González,8,2021,39020.61
243,Elena Torres,3,2022,22028.1
105,Lucía Silva,8,2023,29782.32
27,Elena Castro,7,2021,41890.78
54,Juan Martínez,2,2023,16403.45
241,Miguel Rivera,5,2022,26316.68
75,Juan Flores,4,2021,32176.76
326,Antonio López,6,2023,6609.01
381,Antonio Cruz,7,2021,38804.45
341,Sofía Ortiz,11,2022,34777.22
106,José Martínez,7,2022,40517.66
222,Laura Cruz,11,2022,39246.57
80,Rosa López,6,2022,22895.86
203,Lucía Ramírez,12,2022,41715.4
231,Miguel Morales,6,2023,30687.33
252,Francisco Gutierrez,6,2023,46567.78
273,María Ramírez,6,2021,35640.09
106,José Martínez,5,2021,37843.36
184,Manuel Sánchez,12,2021,24710.02
219,Luis Ramírez,9,2021,20232.31
178,Carmen Rodríguez,10,2022,20726.19
32,Juan Ramírez,2,2022,36139.46
272,Rosa Flores,8,2022,41662.85
160,Raúl Ortiz,10,2023,12052.73
77,Raúl Castro,7,2023,36523.94
18,Ana Flores,2,2021,12564.2
176,José Morales,3,2023,44354.93
229,Ana Castro,10,2022,31552.02
343,Manuel López,9,2021,47861.66
217,Laura Gómez,9,2021,7078.9
160,Raúl Ortiz,3,2021,39957.14
396,Rosa Gómez,12,2022,31677.16
24,Ana González,10,2023,8538.91
324,Francisco Pérez,4,2021,44521.45
304,Pedro Díaz,4,2021,42036.9
27,Elena Castro,4,2021,49766.81
303,Jorge García,8,2023,49037.33
384,Laura Silva,12,2021,45150.9
269,Laura Ramírez,3,2022,23064.5
65,María Gómez,3,2023,28945.76
109,Jorge Silva,9,2022,15522.71
47,Manuel Ramírez,9,2022,7670.98
244,José Torres,8,2021,35845.51
234,Antonio Torres,8,2022,47371.42
396,Rosa Gómez,12,2021,27462.51
389,Rosa Castro,5,2022,8712.89
5,Raúl Silva,6,2023,34936.89
172,Rosa Silva,12,2022,24890.02
108,Carmen Cruz,7,2022,26136.52
190,Lucía Rodríguez,9,2021,7086.55
32,Juan Ramírez,2,2021,5290.25
179,Jorge Martínez,1,2021,22993.94
98,Carlos Díaz,9,2022,19987.9
177,Ana Martínez,2,2021,27674.05
310,Rosa Gutierrez,1,2023,23372.25
162,Carmen Mendoza,6,2023,23797.76
5,Raúl Silva,2,2023,44056.89
45,Luis Ortiz,2,2022,20486.9
130,Ana Ortiz,6,2022,28247.49
341,Sofía Ortiz,4,2021,44241.21
343,Manuel López,1,2023,42173.63
104,Marta García,2,2022,9264.22
324,Francisco Pérez,7,2022,46613.34
167,María Rodríguez,2,2022,42257.61
347,Carlos Gómez,2,2022,6894.83
78,Lucía Mendoza,8,2021,28706.28
95,Francisco Castro,12,2021,26648.01
229,Ana Castro,6,2023,19555.9
131,María Ortiz,11,2021,6991.39
294,Marta Sánchez,11,2023,28733.48
325,Elena Silva,10,2022,45595.02
180,Pedro Cruz,12,2021,26876.26
164,Raúl Rivera,10,2022,19917.87
71,María Castro,1,2022,39763.82
343,Manuel López,5,2022,45978.09
272,Rosa Flores,10,2023,39018.98
53,Rosa García,11,2022,13256.7
285,Sofía Martínez,1,2021,27198.35
67,Francisco Ortiz,8,2021,23776.3
225,Carlos Mendoza,1,2021,38635.13
220,Antonio Morales,11,2023,43217.09
9,Manuel Rodríguez,1,2021,17140.63
11,Francisco Silva,12,2022,22220.9
132,Jorge Morales,6,2023,43522.71
246,Juan Morales,7,2022,14604.53
242,Raúl López,10,2023,25834.05
271,Laura Díaz,9,2021,36536.98
241,Miguel Rivera,7,2023,41342.17
140,Antonio Martínez,8,2023,5754.99
53,Rosa García,3,2023,17444.93
141,Rosa Sánchez,5,2021,20128.93
101,Laura Torres,6,2021,41682.8
77,Raúl Castro,4,2023,12859.93
5,Raúl Silva,12,2022,41990.75
226,Ana Rodríguez,11,2022,33114.53
67,Francisco Ortiz,5,2023,24410.83
251,Lucía Cruz,6,2022,23782.55
279,Luis Díaz,10,2023,37944.47
295,Carmen Pérez,4,2023,18735.35
198,Carmen Castro,12,2022,46264.73
350,José Ramírez,6,2023,40441.68
174,Antonio Ortiz,7,2023,40161.59
231,Miguel Morales,6,2023,48906.32
104,Marta García,1,2022,48993.14
163,Manuel García,1,2022,17799.38
350,José Ramírez,2,2021,21138.21
220,Antonio Morales,3,2021,16399.93
316,Ana Silva,10,2023,18796.08
171,Pedro González,5,2021,49713.11
228,Jorge González,6,2022,46599.67
36,Raúl Gutierrez,7,2022,8003.0
354,Raúl Pérez,8,2021,13678.73
398,María Cruz,7,2022,12513.2
67,Francisco Ortiz,3,2023,16988.46
331,Jorge Torres,10,2022,34827.58
329,Sofía Mendoza,10,2021,38439.86
116,Antonio Díaz,12,2023,44561.69
45,Luis Ortiz,8,2022,34027.64
348,Lucía González,8,2022,48746.45
382,Rosa Rodríguez,1,2021,11703.15
230,Francisco Díaz,6,2022,33559.85
284,José Ortiz,1,2023,11959.33
43,Manuel Silva,1,2021,8795.52
310,Rosa Gutierrez,1,2023,34334.6
175,Rosa Cruz,2,2022,9809.73
262,Marta Rodríguez,2,2022,20536.63
274,Carmen Ramírez,7,2023,11570.49
161,Jorge Pérez,8,2022,33630.03
347,Carlos Gómez,10,2021,8368.42
225,Carlos Mendoza,11,2023,5920.62
190,Lucía Rodríguez,1,2022,15489.58
89,Pedro Flores,7,2023,14368.43
102,Laura Flores,8,2021,48069.3
387,Sofía Cruz,9,2023,42678.72
46,Miguel González,8,2021,21540.04
119,Luis Rodríguez,12,2023,46067.75
2,Jorge Sánchez,3,2023,30913.56
195,Manuel Martínez,2,2022,43681.28
259,Miguel Rodríguez,11,2021,43127.97
397,Sofía Castro,4,2023,25113.74
382,Rosa Rodríguez,9,2022,31931.56
136,Carmen Silva,3,2022,19067.14
95,Francisco Castro,4,2023,21699.49
328,Jorge Rodríguez,9,2022,41490.34
124,Carmen Díaz,5,2021,35314.72
79,José Castro,4,2022,19225.16
129,Miguel Sánchez,3,2021,44118.9
115,Sofía Gutierrez,5,2022,27410.11
9,Manuel Rodríguez,2,2021,24144.18
349,José Pérez,5,2022,28611.99
164,Raúl Rivera,10,2023,26333.93
292,María Sánchez,1,2023,15333.91
231,Miguel Morales,2,2021,5592.73
3,Manuel Gómez,5,2023,28323.14
310,Rosa Gutierrez,6,2021,22605.04
378,Juan Díaz,11,2021,34289.56
117,Ana Pérez,3,2023,46107.62
247,Carlos García,6,2021,6839.36
221,Ana Díaz,7,2021,17975.59
293,Pedro Mendoza,10,2021,42761.29
146,Lucía Gutierrez,8,2023,5098.33
274,Carmen Ramírez,1,2021,9248.32
266,Miguel Torres,9,2023,14132.93
296,Jorge Ramírez,12,2021,11185.33
334,Laura López,9,2022,45397.33
222,Laura Cruz,10,2023,35222.51
59,José Sánchez,2,2022,30825.14
398,María Cruz,3,2023,7435.27
367,Luis López,10,2022,20076.75
349,José Pérez,9,2021,24865.59
154,Laura Mendoza,2,2022,15545.92
208,Luis García,5,2023,38994.69
253,Manuel Ortiz,7,2023,17597.73
285,Sofía Martínez,3,2023,30126.02
344,María González,3,2021,36722.96
48,José Cruz,7,2021,15995.79
55,Ana Torres,8,2022,5755.55
361,Sofía López,9,2023,31632.69
214,Carlos González,12,2022,49935.92
83,Pedro García,10,2022,20843.0
52,Manuel Pérez,10,2022,40477.04
328,Jorge Rodríguez,6,2023,46143.97
39,Manuel Gutierrez,4,2021,12431.52
350,José Ramírez,3,2021,24405.65
94,Francisco Cruz,3,2022,17236.29
32,Juan Ramírez,11,2022,47337.25
86,Juan Castro,7,2021,28667.02
261,Elena López,5,2022,49000.64
107,Elena Gómez,12,2021,18273.99
392,Lucía López,2,2021,15381.27
33,Elena Martínez,3,2023,24230.69
299,Raúl Rodríguez,6,2021,37644.79
153,Elena Ramírez,4,2022,46080.15
123,Miguel Cruz,9,2023,22160.88
388,Pedro Rodríguez,5,2021,22967.05
294,Marta Sánchez,4,2022,13831.73
112,Miguel Gutierrez,2,2023,15642.67
69,Raúl Ramírez,10,2023,5128.67
14,Lucía Díaz,12,2021,28237.25
24,Ana González,1,2022,12225.85
139,Lucía Castro,10,2023,41252.98
287,Carlos Rivera,11,2021,40364.97
203,Lucía Ramírez,10,2022,36342.16
72,Marta Gómez,10,2022,15249.13
261,Elena López,8,2023,35431.01
91,Lucía Martínez,12,2022,25358.42
386,Marta Castro,8,2022,16671.05
228,Jorge González,9,2022,10431.41
42,Juan García,11,2023,49322.54
283,Rosa Torres,1,2022,21756.12
98,Carlos Díaz,7,2023,10869.47
217,Laura Gómez,1,2022,22898.81
136,Carmen Silva,9,2023,18773.9
269,Laura Ramírez,10,2022,44588.47
392,Lucía López,10,2023,48177.84
292,María Sánchez,3,2022,49046.39
57,Luis González,8,2021,13578.84
69,Raúl Ramírez,8,2021,33588.33
187,Raúl García,12,2023,32389.5
108,Carmen Cruz,1,2021,9486.93
168,Antonio Castro,3,2021,19051.71
225,Carlos Mendoza,8,2023,47675.35
278,Pedro Ortiz,9,2021,44989.34
362,José García,10,2021,14932.94
360,Carlos Silva,8,2023,48978.96
165,Juan Rodríguez,9,2021,18862.63
180,Pedro Cruz,10,2021,47216.46
300,Elena Ortiz,1,2023,48550.13
135,José Díaz,4,2023,15950.24
336,Carmen Sánchez,5,2022,32900.31
388,Pedro Rodríguez,10,2022,12180.49
95,Francisco Castro,2,2023,48028.72
335,Elena García,11,2023,32400.01
23,Carmen Flores,8,2022,19189.49
317,Luis Torres,7,2021,23360.97
118,Antonio García,8,2021,43116.61
123,Miguel Cruz,11,2022,9454.88
59,José Sánchez,8,2021,12519.54
230,Francisco Díaz,9,2023,39283.88
382,Rosa Rodríguez,7,2022,33959.26
250,Carlos Martínez,5,2021,38598.83
48,José Cruz,4,2023,14671.6
39,Manuel Gutierrez,12,2022,32992.41
12,Pedro Morales,5,2022,19007.36
176,José Morales,10,2021,29714.99
284,José Ortiz,9,2022,26450.38
370,Ana Sánchez,4,2022,18128.15
330,Pedro Sánchez,4,2021,36838.15
309,Miguel Díaz,9,2023,24217.03
57,Luis González,11,2022,6987.64
226,Ana Rodríguez,8,2021,42606.73
261,Elena López,9,2021,38389.67
58,Francisco García,10,2022,16426.7
225,Carlos Mendoza,9,2023,46662.72
209,Pedro Silva,10,2022,7923.97
9,Manuel Rodríguez,11,2022,6923.71
16,Pedro López,1,2022,38287.0
210,Jorge Ortiz,6,2022,45220.7
175,Rosa Cruz,9,2021,30299.71
203,Lucía Ramírez,8,2022,24104.28
108,Carmen Cruz,9,2023,17107.46
296,Jorge Ramírez,3,2023,37648.17
278,Pedro Ortiz,7,2022,46481.53
198,Carmen Castro,7,2023,41312.44
153,Elena Ramírez,12,2021,45850.6
328,Jorge Rodríguez,5,2022,27358.26
188,Laura Rodríguez,2,2021,30958.1
290,Rosa Díaz,7,2021,14795.65
351,Pedro Torres,5,2023,5632.24
112,Miguel Gutierrez,11,2021,13052.33
394,Sofía Ramírez,8,2023,28398.09
266,Miguel Torres,9,2022,15307.52
172,Rosa Silva,5,2022,6970.71
273,María Ramírez,8,2021,41982.54
295,Carmen Pérez,8,2021,26533.01
310,Rosa Gutierrez,8,2021,25407.77
9,Manuel Rodríguez,3,2023,37129.88
114,Rosa Pérez,3,2023,27644.9
75,Juan Flores,3,2023,23550.32
157,Raúl Martínez,5,2021,32713.61
353,Miguel Martínez,2,2022,42698.81
295,Carmen Pérez,8,2021,30591.79
347,Carlos Gómez,4,2021,12626.25
51,Carmen Rivera,7,2021,31864.46
167,María Rodríguez,10,2023,11598.84
100,Raúl Flores,11,2022,42719.51
155,Antonio Gómez,1,2021,24625.41
283,Rosa Torres,2,2021,27929.32
258,Francisco Mendoza,9,2022,47063.29
278,Pedro Ortiz,2,2022,17965.02
166,Antonio Mendoza,11,2023,46305.59
104,Marta García,4,2021,39148.68
106,José Martínez,10,2022,28600.57
70,Sofía Pérez,1,2023,23514.05
207,Laura Gutierrez,6,2022,24247.06
388,Pedro Rodríguez,6,2023,25918.97
306,María Morales,9,2021,40315.5
17,Sofía Torres,7,2022,45007.28
23,Carmen Flores,12,2023,5788.69
370,Ana Sánchez,9,2021,28883.91
108,Carmen Cruz,1,2023,30046.3
53,Rosa García,5,2021,41657.2
102,Laura Flores,12,2023,13873.59
135,José Díaz,11,2021,39016.86
381,Antonio Cruz,6,2021,19624.34
327,Raúl Mendoza,9,2021,47511.11
138,Lucía García,6,2022,10775.49
345,Elena Pérez,3,2021,18925.52
97,Raúl Díaz,1,2022,6264.24
399,Sofía Morales,5,2022,31564.81
209,Pedro Silva,12,2022,20208.91
143,Carlos Ramírez,5,2022,49388.05
137,Francisco López,5,2023,47958.58
293,Pedro Mendoza,8,2021,23277.48
130,Ana Ortiz,8,2021,19485.42
80,Rosa López,3,2022,49342.13
39,Manuel Gutierrez,10,2022,47680.92
397,Sofía Castro,6,2023,36072.49
297,Luis Mendoza,9,2021,24758.96
107,Elena Gómez,8,2022,47722.05
59,José Sánchez,5,2021,25098.35
30,Sofía Rodríguez,9,2021,21772.23
377,Ana Gutierrez,8,2023,8100.49
236,Carlos Morales,10,2021,35046.35
214,Carlos González,12,2022,10471.59
83,Pedro García,6,2022,14613.37
188,Laura Rodríguez,12,2023,20161.33
59,José Sánchez,2,2023,6728.4
195,Manuel Martínez,5,2021,43917.39
218,Rosa Ramírez,2,2021,34843.16
99,Marta Mendoza,10,2022,28349.14
242,Raúl López,4,2022,8582.73
322,Lucía Flores,10,2022,42380.96
255,Luis Flores,6,2023,24488.88
347,Carlos Gómez,12,2023,27425.87
396,Rosa Gómez,9,2021,7241.89
40,Manuel Torres,1,2021,18744.61
76,Miguel Ramírez,8,2022,35441.24
393,Francisco Gómez,5,2022,24087.95
381,Antonio Cruz,1,2022,15097.83
36,Raúl Gutierrez,1,2021,29095.98
321,Antonio Sánchez,11,2022,42566.01
245,Luis Morales,5,2021,21633.01
214,Carlos González,4,2021,41180.94
10,Carmen Gutierrez,3,2022,18433.99
351,Pedro Torres,8,2021,37862.14
259,Miguel Rodríguez,3,2023,12874.87
300,Elena Ortiz,9,2022,13273.82
269,Laura Ramírez,2,2022,28373.91
69,Raúl Ramírez,6,2023,37094.97
164,Raúl Rivera,8,2023,20621.65
270,Juan Rivera,6,2023,48084.59
118,Antonio García,3,2022,7758.39
389,Rosa Castro,8,2021,13102.28
273,María Ramírez,5,2021,26072.79
67,Francisco Ortiz,2,2023,37484.09
308,Juan Ortiz,3,2021,12344.91
320,Marta Martínez,5,2022,40501.87
377,Ana Gutierrez,9,2023,18113.07
332,Luis Sánchez,1,2022,37475.36
328,Jorge Rodríguez,12,2023,17306.92
395,Raúl Morales,3,2023,6225.19
166,Antonio Mendoza,4,2022,10084.52
296,Jorge Ramírez,5,2021,10916.85
88,Antonio Silva,2,2022,25982.82
197,Lucía Pérez,11,2022,19595.43
240,Carlos Torres,4,2023,43128.13
389,Rosa Castro,2,2021,6985.48
75,Juan Flores,5,2022,34710.12
167,María Rodríguez,5,2023,40751.27
34,María Silva,10,2023,44177.4
299,Raúl Rodríguez,9,2021,42545.07
351,Pedro Torres,5,2023,31159.03
34,María Silva,5,2021,39177.12
185,Antonio Ramírez,2,2021,42866.32
195,Manuel Martínez,4,2022,13658.7
5,Raúl Silva,5,2021,44164.09
152,Laura González,2,2023,18014.34
330,Pedro Sánchez,11,2023,14723.57
247,Carlos García,11,2023,39006.63
34,María Silva,1,2023,19972.64
13,Marta González,3,2022,21697.99
220,Antonio Morales,12,2021,9771.97
308,Juan Ortiz,7,2023,9161.46
3,Manuel Gómez,3,2021,49576.74
78,Lucía Mendoza,12,2021,44971.08
355,Miguel Ortiz,10,2023,40423.98
141,Rosa Sánchez,6,2022,5027.78
378,Juan Díaz,10,2023,15094.5
256,Luis Gómez,10,2022,33428.19
126,José Silva,4,2023,5385.74
174,Antonio Ortiz,10,2021,23119.9
242,Raúl López,2,2021,7888.12
254,José Gutierrez,1,2021,17166.55
91,Lucía Martínez,5,2023,45086.06
285,Sofía Martínez,7,2023,40062.11
263,Elena Gutierrez,1,2022,41005.28
236,Carlos Morales,7,2022,48118.23
207,Laura Gutierrez,2,2023,37086.48
296,Jorge Ramírez,9,2021,11005.58
307,Elena Morales,2,2022,39698.73
5,Raúl Silva,6,2023,17183.98
248,Marta Ramírez,8,2021,6398.46
113,Elena Cruz,12,2023,40352.15
102,Laura Flores,4,2023,45704.7
111,María Díaz,5,2021,36417.59
218,Rosa Ramírez,3,2021,8842.52
157,Raúl Martínez,9,2023,27821.82
48,José Cruz,1,2023,13901.17
301,Elena González,6,2021,24614.62
100,Raúl Flores,5,2022,19438.3
191,Juan Sánchez,7,2022,16764.38
181,Juan Pérez,8,2022,36003.54
399,Sofía Morales,1,2021,41879.84
186,Laura García,8,2022,10228.66
372,Sofía Gómez,8,2021,7585.74
235,Marta Cruz,8,2021,14049.78
43,Manuel Silva,7,2021,12933.74
156,Miguel Pérez,6,2023,34854.16
19,Marta Flores,12,2021,13334.32
53,Rosa García,1,2023,18373.15
222,Laura Cruz,9,2021,35524.37
163,Manuel García,3,2023,38889.36
360,Carlos Silva,9,2021,20261.9
383,Francisco Rodríguez,11,2022,6366.9
180,Pedro Cruz,1,2021,19408.36
207,Laura Gutierrez,9,2023,8175.33
396,Rosa Gómez,6,2023,26099.3
219,Luis Ramírez,2,2022,12404.23
193,Rosa Martínez,10,2023,9741.81
246,Juan Morales,6,2023,14681.5
296,Jorge Ramírez,7,2021,6169.64
198,Carmen Castro,5,2021,25992.51
143,Carlos Ramírez,3,2022,10587.61
388,Pedro Rodríguez,6,2022,23561.42
387,Sofía Cruz,11,2022,47789.11
272,Rosa Flores,6,2023,12208.17
385,Pedro Ramírez,3,2023,22863.09
349,José Pérez,2,2023,23374.63
137,Francisco López,3,2023,23693.66
117,Ana Pérez,7,2021,5831.17
325,Elena Silva,11,2022,7110.84
390,Jorge Rivera,12,2022,30029.99
208,Luis García,6,2023,17739.74
391,José Flores,3,2021,8543.17
387,Sofía Cruz,1,2021,30799.4
166,Antonio Mendoza,4,2023,43275.39
100,Raúl Flores,3,2023,23450.7
9,Manuel Rodríguez,2,2023,43995.26
364,Jorge Mendoza,9,2021,32257.98
283,Rosa Torres,4,2023,46271.28
299,Raúl Rodríguez,1,2021,14859.96
86,Juan Castro,7,2021,14303.66
32,Juan Ramírez,5,2022,35167.33
150,María Gutierrez,11,2023,39545.43
329,Sofía Mendoza,7,2022,37504.36
273,María Ramírez,9,2023,7895.48
104,Marta García,12,2021,20716.38
201,Antonio Gutierrez,9,2022,49460.54
121,Carmen García,9,2021,19897.73
347,Carlos Gómez,3,2023,14215.52
262,Marta Rodríguez,10,2021,39684.35
394,Sofía Ramírez,12,2023,48194.53
295,Carmen Pérez,8,2023,29548.09
246,Juan Morales,8,2022,36010.49
319,Manuel Flores,10,2021,18767.83
247,Carlos García,7,2022,25209.23
163,Manuel García,2,2021,20591.58
89,Pedro Flores,10,2021,9652.27
255,Luis Flores,9,2023,17405.17
310,Rosa Gutierrez,7,2023,14951.3
347,Carlos Gómez,5,2022,21251.62
15,José Rodríguez,6,2023,34206.67
52,Manuel Pérez,3,2023,5534.02
364,Jorge Mendoza,10,2023,46664.57
250,Carlos Martínez,11,2023,33764.37
335,Elena García,10,2022,20143.25
188,Laura Rodríguez,3,2022,46949.8
337,Marta Torres,9,2021,15646.13
115,Sofía Gutierrez,11,2023,31358.41
301,Elena González,5,2023,27022.66
337,Marta Torres,1,2021,30801.41
149,Manuel González,9,2022,35507.62
400,Carlos López,12,2021,49483.73
400,Carlos López,5,2023,38984.07
280,Carmen López,2,2022,27467.76
309,Miguel Díaz,3,2021,10031.36
184,Manuel Sánchez,3,2023,8637.8
131,María Ortiz,12,2022,24868.82
311,Lucía Gómez,3,2023,48324.43
119,Luis Rodríguez,11,2021,29865.5
60,María Flores,5,2023,26459.18
120,Marta Silva,2,2021,33765.51
173,Juan Gutierrez,9,2022,45045.72
69,Raúl Ramírez,1,2022,37366.67
270,Juan Rivera,12,2021,21913.57
326,Antonio López,1,2023,32577.17
301,Elena González,8,2022,31124.32
16,Pedro López,8,2022,26443.82
122,María Rivera,6,2022,6378.74
299,Raúl Rodríguez,9,2022,19560.14
13,Marta González,1,2021,38520.35
191,Juan Sánchez,7,2023,9240.27
372,Sofía Gómez,6,2022,31542.63
396,Rosa Gómez,6,2022,25696.23
241,Miguel Rivera,4,2023,9649.46
43,Manuel Silva,11,2023,35008.6
369,Francisco Flores,4,2022,36183.16
171,Pedro González,5,2022,32863.67
345,Elena Pérez,4,2021,31519.61
35,Raúl Gómez,10,2022,36639.43
72,Marta Gómez,4,2021,7445.54
346,Juan González,1,2023,37984.09
312,Marta Gutierrez,12,2023,14357.8
180,Pedro Cruz,7,2021,32336.83
236,Carlos Morales,10,2021,39483.2
195,Manuel Martínez,11,2022,24455.47
58,Francisco García,1,2021,17657.14
24,Ana González,6,2021,18582.06
241,Miguel Rivera,4,2021,6876.91
138,Lucía García,9,2023,43259.91
329,Sofía Mendoza,5,2023,35139.1
375,Elena Díaz,6,2023,30048.14
385,Pedro Ramírez,9,2022,13730.46
88,Antonio Silva,6,2023,24834.48
149,Manuel González,10,2023,38186.49
158,Ana Mendoza,5,2021,39489.54
213,María García,8,2023,33927.14
366,María López,10,2021,35899.09
194,Antonio Rodríguez,7,2021,33822.42
381,Antonio Cruz,10,2021,9011.55
133,Raúl Torres,12,2023,11944.88
282,Rosa Morales,1,2021,20963.41
385,Pedro Ramírez,12,2022,22393.12
112,Miguel Gutierrez,8,2023,45604.33
266,Miguel Torres,2,2022,14402.72
266,Miguel Torres,10,2023,42904.0
350,José Ramírez,6,2021,14768.49
244,José Torres,12,2022,30333.24
192,Raúl González,9,2021,13209.83
217,Laura Gómez,3,2023,45552.89
387,Sofía Cruz,1,2022,9778.15
274,Carmen Ramírez,1,2022,13702.7
49,Sofía Flores,2,2021,43895.81
10,Carmen Gutierrez,2,2022,13138.06
297,Luis Mendoza,8,2023,48735.7
96,Lucía Sánchez,2,2022,46120.91
233,Lucía Ortiz,11,2022,47317.51
217,Laura Gómez,1,2023,15375.62
306,María Morales,6,2021,8245.2
92,Miguel López,5,2022,20299.22
58,Francisco García,9,2021,36174.93
22,Miguel Castro,12,2023,9099.33
175,Rosa Cruz,10,2021,7412.63
285,Sofía Martínez,9,2021,25356.36
2,Jorge Sánchez,12,2021,28783.54
200,Manuel Morales,3,2022,33754.23
258,Francisco Mendoza,6,2023,6195.78
97,Raúl Díaz,11,2021,14976.13
199,Manuel Mendoza,8,2023,25020.47
215,Marta Morales,7,2022,10681.99
24,Ana González,12,2023,23445.32
15,José Rodríguez,2,2021,30526.03
25,Carmen Morales,10,2021,9703.74
393,Francisco Gómez,7,2023,49631.63
138,Lucía García,3,2023,34973.21
263,Elena Gutierrez,3,2021,47580.86
41,Manuel Rivera,12,2023,16547.89
63,Sofía Díaz,8,2023,37909.79
255,Luis Flores,8,2021,10926.59
393,Francisco Gómez,10,2022,16807.19
133,Raúl Torres,9,2022,10854.24
168,Antonio Castro,5,2021,38507.1
323,Jorge Castro,12,2022,46999.08
198,Carmen Castro,9,2022,7788.33
148,Marta Ortiz,10,2023,39827.62
314,Sofía García,12,2021,46975.32
205,Antonio Flores,2,2022,18862.57
245,Luis Morales,12,2021,20299.14
308,Juan Ortiz,12,2021,20278.82
372,Sofía Gómez,10,2022,43941.85
338,Luis Cruz,8,2021,35260.53
58,Francisco García,2,2022,11715.59
126,José Silva,1,2021,46612.18
324,Francisco Pérez,9,2023,48219.31
334,Laura López,9,2022,21209.08
69,Raúl Ramírez,12,2023,9401.0
392,Lucía López,11,2023,5159.22
173,Juan Gutierrez,1,2022,25088.06
220,Antonio Morales,2,2022,6236.37
1,José Mendoza,9,2023,25445.36
187,Raúl García,8,2021,11100.82
41,Manuel Rivera,1,2021,38283.84
228,Jorge González,3,2021,40022.0
142,Juan Torres,8,2021,30473.84
209,Pedro Silva,8,2021,7108.08
108,Carmen Cruz,10,2021,9272.43
153,Elena Ramírez,10,2022,18632.7
343,Manuel López,6,2022,18118.6
8,Luis Silva,4,2023,7952.52
232,Francisco Ramírez,1,2022,10490.68
390,Jorge Rivera,7,2023,38097.44
178,Carmen Rodríguez,8,2021,8567.45
10,Carmen Gutierrez,12,2023,20261.84
126,José Silva,2,2023,12100.07
294,Marta Sánchez,12,2021,46767.59
24,Ana González,6,2022,20793.04
263,Elena Gutierrez,11,2023,35122.49
241,Miguel Rivera,1,2023,42814.46
212,María Pérez,1,2021,46834.12
222,Laura Cruz,6,2023,31935.41
254,José Gutierrez,5,2022,9673.94
191,Juan Sánchez,1,2021,35053.85
365,Marta Rivera,2,2022,30495.83
369,Francisco Flores,4,2022,49192.12
96,Lucía Sánchez,9,2022,26742.44
20,Luis Rivera,6,2022,40980.14
371,Carlos Gutierrez,1,2022,42800.75
257,Antonio Pérez,4,2023,45345.27
292,María Sánchez,1,2023,42874.02
236,Carlos Morales,11,2022,11387.7
133,Raúl Torres,9,2022,24163.88
400,Carlos López,3,2021,34362.74
260,Pedro Castro,4,2022,32534.95
33,Elena Martínez,9,2022,31906.36
156,Miguel Pérez,4,2021,17996.09
308,Juan Ortiz,1,2023,48595.83
261,Elena López,5,2023,18849.82
286,Lucía Torres,6,2022,48242.32
221,Ana Díaz,9,2023,48096.43
171,Pedro González,12,2022,46192.26
145,Laura Ortiz,4,2021,34319.87
1,José Mendoza,11,2022,9443.45
29,Elena Flores,11,2023,49616.59
99,Marta Mendoza,12,2023,17330.21
228,Jorge González,12,2023,7041.23
78,Lucía Mendoza,2,2021,40791.17
369,Francisco Flores,9,2022,21003.52
202,Carmen González,3,2021,43060.19
129,Miguel Sánchez,4,2021,38041.24
151,Carmen Ortiz,6,2023,17548.05
88,Antonio Silva,8,2022,42774.91
117,Ana Pérez,6,2021,11952.16
303,Jorge García,7,2021,40562.19
105,Lucía Silva,11,2023,8638.16
31,Pedro Pérez,7,2023,15679.14
245,Luis Morales,7,2021,5143.6
101,Laura Torres,4,2022,43317.63
293,Pedro Mendoza,4,2021,47281.23
324,Francisco Pérez,6,2023,46727.64
201,Antonio Gutierrez,7,2021,35971.1
270,Juan Rivera,5,2022,20203.66
114,Rosa Pérez,4,2021,36362.63
330,Pedro Sánchez,2,2021,26526.5
369,Francisco Flores,2,2021,36491.84
243,Elena Torres,3,2022,8137.27
208,Luis García,8,2021,5118.64
113,Elena Cruz,10,2022,26070.87
75,Juan Flores,5,2022,19697.44
250,Carlos Martínez,8,2022,15145.97
363,Ana Ramírez,11,2021,5996.59
55,Ana Torres,10,2022,39626.65
292,María Sánchez,9,2021,17824.49
115,Sofía Gutierrez,9,2022,46902.02
289,Sofía Rivera,6,2021,30034.15
64,Jorge Cruz,11,2023,32814.26
236,Carlos Morales,8,2021,44548.72
40,Manuel Torres,1,2022,42184.82
98,Carlos Díaz,8,2021,31134.36
301,Elena González,2,2021,7968.95
395,Raúl Morales,9,2022,10365.08
151,Carmen Ortiz,4,2023,8795.08
258,Francisco Mendoza,1,2021,45119.23
358,Carmen Gómez,12,2021,39614.73
234,Antonio Torres,3,2023,20407.14
16,Pedro López,6,2021,43834.73
322,Lucía Flores,2,2023,23229.87
58,Francisco García,8,2021,48384.98
74,Carmen Torres,4,2022,26613.09
264,Elena Rivera,7,2023,34994.77
96,Lucía Sánchez,5,2023,48041.08
236,Carlos Morales,9,2023,8068.55
228,Jorge González,4,2022,38806.69
295,Carmen Pérez,12,2023,25576.6
235,Marta Cruz,1,2021,22993.38
169,Francisco Rivera,12,2023,32753.2
92,Miguel López,2,2021,6060.4
312,Marta Gutierrez,12,2021,15089.95
315,Francisco Sánchez,11,2022,33468.81
357,Miguel Silva,6,2021,24866.74
376,Ana Cruz,12,2022,41173.64
208,Luis García,8,2022,8090.32
346,Juan González,6,2023,49330.05
297,Luis Mendoza,4,2021,13276.53
62,Sofía Sánchez,4,2022,25036.94
80,Rosa López,10,2023,41602.04
249,Manuel Cruz,2,2023,21721.88
168,Antonio Castro,2,2023,44829.8
18,Ana Flores,11,2022,48637.47
349,José Pérez,1,2021,44920.67
173,Juan Gutierrez,4,2022,8316.74
113,Elena Cruz,9,2023,12486.71
394,Sofía Ramírez,2,2023,28474.1
106,José Martínez,2,2021,9438.6
396,Rosa Gómez,4,2022,16757.03
105,Lucía Silva,10,2023,15305.37
248,Marta Ramírez,1,2022,24151.3
262,Marta Rodríguez,10,2021,31641.41
391,José Flores,6,2021,14967.11
154,Laura Mendoza,9,2022,48212.59
275,Laura Morales,3,2022,24853.16
30,Sofía Rodríguez,10,2022,15379.24
241,Miguel Rivera,4,2021,36305.03
283,Rosa Torres,3,2022,28240.39
212,María Pérez,2,2023,6605.62
362,José García,5,2023,33354.29
304,Pedro Díaz,4,2022,30917.02
276,Jorge Gutierrez,12,2023,28826.36
63,Sofía Díaz,1,2023,47143.47
216,Elena Sánchez,6,2021,40394.81
248,Marta Ramírez,10,2021,29791.62
354,Raúl Pérez,8,2023,39927.94
363,Ana Ramírez,12,2021,8382.85
120,Marta Silva,6,2022,7361.61
221,Ana Díaz,8,2021,31520.66
182,Lucía Morales,6,2022,38629.07
189,Jorge Gómez,11,2022,22226.01
189,Jorge Gómez,5,2023,13481.14
318,Pedro Martínez,11,2022,30755.8
250,Carlos Martínez,12,2023,21939.06
109,Jorge Silva,12,2023,43120.8
230,Francisco Díaz,10,2023,21517.51
28,Rosa Ortiz,4,2022,47092.27
142,Juan Torres,4,2022,38985.53
111,María Díaz,4,2022,38308.05
241,Miguel Rivera,8,2023,21678.25
392,Lucía López,9,2022,47330.84
62,Sofía Sánchez,4,2023,29034.39
215,Marta Morales,7,2022,15863.78
259,Miguel Rodríguez,7,2021,36187.63
339,Carlos Flores,9,2021,11823.96
271,Laura Díaz,5,2021,44939.54
328,Jorge Rodríguez,10,2021,19930.57
321,Antonio Sánchez,9,2023,40953.19
123,Miguel Cruz,1,2023,30445.28
43,Manuel Silva,9,2021,13654.26
237,Jorge Flores,4,2022,40565.2
228,Jorge González,7,2022,15414.67
155,Antonio Gómez,12,2021,32863.92
277,Francisco Torres,2,2021,48453.92
382,Rosa Rodríguez,12,2021,40188.68
325,Elena Silva,12,2022,43803.85
20,Luis Rivera,3,2023,22923.1
208,Luis García,12,2022,37990.94
82,Pedro Gutierrez,4,2022,11781.48
193,Rosa Martínez,9,2022,13866.56
43,Manuel Silva,7,2023,11445.67
297,Luis Mendoza,9,2023,43891.04
224,Manuel Díaz,4,2022,31760.9
248,Marta Ramírez,12,2022,34937.37
2,Jorge Sánchez,1,2022,34132.9
130,Ana Ortiz,2,2022,45129.78
392,Lucía López,2,2021,48413.83
351,Pedro Torres,7,2023,29591.17
4,Lucía Rivera,9,2022,14391.02
57,Luis González,2,2021,49004.84
74,Carmen Torres,11,2021,21090.58
309,Miguel Díaz,10,2021,24308.27
286,Lucía Torres,3,2023,45985.61
367,Luis López,3,2021,42181.64
18,Ana Flores,3,2022,18467.88
10,Carmen Gutierrez,1,2021,23385.04
345,Elena Pérez,6,2021,25031.66
288,Elena Rodríguez,1,2022,33675.74
222,Laura Cruz,7,2023,43105.81
162,Carmen Mendoza,2,2022,46154.77
100,Raúl Flores,7,2023,25895.24
322,Lucía Flores,6,2021,42965.03
209,Pedro Silva,12,2021,10405.95
357,Miguel Silva,10,2023,24089.3
292,María Sánchez,6,2023,35422.07
293,Pedro Mendoza,1,2023,20389.88
121,Carmen García,11,2022,23357.97
21,Juan López,5,2023,6204.92
98,Carlos Díaz,1,2023,41658.33
348,Lucía González,7,2021,29267.55
267,Miguel Gómez,1,2023,21933.84
300,Elena Ortiz,2,2023,30538.74
150,María Gutierrez,5,2023,25776.4
73,Jorge Díaz,11,2021,34613.63
244,José Torres,12,2021,48245.49
209,Pedro Silva,9,2021,17609.39
73,Jorge Díaz,12,2022,16815.19
327,Raúl Mendoza,8,2022,26717.95
212,María Pérez,9,2022,41581.39
369,Francisco Flores,3,2022,26937.92
363,Ana Ramírez,11,2021,11853.84
379,Juan Silva,8,2021,35827.68
23,Carmen Flores,4,2021,11816.71
342,María Martínez,8,2021,37037.88
2,Jorge Sánchez,4,2022,26158.4
155,Antonio Gómez,9,2023,9339.88
78,Lucía Mendoza,7,2023,9794.42
146,Lucía Gutierrez,9,2022,19312.69
285,Sofía Martínez,6,2021,29333.76
204,Carlos Castro,9,2021,17418.13
227,Raúl Sánchez,8,2022,47419.55
232,Francisco Ramírez,1,2021,21208.63
332,Luis Sánchez,2,2022,35814.57
261,Elena López,10,2022,6247.53
68,Miguel García,6,2021,47973.84
222,Laura Cruz,1,2022,39686.32
351,Pedro Torres,9,2022,8253.03
76,Miguel Ramírez,4,2022,23732.97
345,Elena Pérez,10,2022,45703.3
203,Lucía Ramírez,12,2022,32721.53
135,José Díaz,3,2021,43521.76
315,Francisco Sánchez,12,2023,41963.97
279,Luis Díaz,10,2021,46490.92
299,Raúl Rodríguez,2,2023,48589.42
151,Carmen Ortiz,2,2021,7631.63
371,Carlos Gutierrez,4,2022,27182.7
97,Raúl Díaz,8,2021,47740.43
347,Carlos Gómez,5,2023,47577.11
32,Juan Ramírez,2,2021,27343.95
224,Manuel Díaz,4,2021,23241.58
131,María Ortiz,8,2022,7215.01
174,Antonio Ortiz,12,2022,39324.07
195,Manuel Martínez,3,2021,45544.19
49,Sofía Flores,7,2023,30646.34
378,Juan Díaz,8,2023,8502.34
155,Antonio Gómez,7,2023,15346.11
78,Lucía Mendoza,4,2021,23316.7
270,Juan Rivera,10,2021,7584.99
229,Ana Castro,5,2023,41562.06
187,Raúl García,5,2023,40658.22
276,Jorge Gutierrez,11,2023,14804.0
310,Rosa Gutierrez,9,2022,16967.92
232,Francisco Ramírez,11,2022,15291.4
137,Francisco López,8,2021,36099.48
141,Rosa Sánchez,9,2021,38201.8
130,Ana Ortiz,5,2023,48965.53
355,Miguel Ortiz,3,2021,6724.07
234,Antonio Torres,1,2021,19490.66
294,Marta Sánchez,4,2021,41333.35
209,Pedro Silva,5,2021,21831.77
365,Marta Rivera,4,2023,38443.71
237,Jorge Flores,5,2021,28170.79
101,Laura Torres,10,2023,26691.19
380,Carlos Ortiz,9,2022,14410.38
337,Marta Torres,7,2022,5753.54
132,Jorge Morales,1,2023,24859.59
8,Luis Silva,5,2022,31072.97
1,José Mendoza,9,2022,35791.29
391,José Flores,9,2021,8616.64
389,Rosa Castro,6,2023,43073.14
45,Luis Ortiz,10,2023,45834.3
387,Sofía Cruz,11,2022,36319.21
292,María Sánchez,12,2021,39610.12
231,Miguel Morales,4,2022,21253.65
281,Juan Mendoza,3,2022,36532.29
50,José Gómez,5,2022,43717.18
306,María Morales,12,2021,49554.27
245,Luis Morales,9,2023,27551.36
353,Miguel Martínez,9,2021,15748.77
165,Juan Rodríguez,8,2021,30473.98
366,María López,1,2022,25605.81
348,Lucía González,3,2023,10529.08
154,Laura Mendoza,7,2023,43946.0
36,Raúl Gutierrez,4,2021,32405.87
217,Laura Gómez,10,2021,22142.9
360,Carlos Silva,3,2023,40576.71
119,Luis Rodríguez,12,2023,34930.54
140,Antonio Martínez,9,2023,27016.97
100,Raúl Flores,4,2022,29723.88
63,Sofía Díaz,7,2023,18194.85
161,Jorge Pérez,2,2023,9942.53
336,Carmen Sánchez,3,2021,17712.81
146,Lucía Gutierrez,4,2023,27745.34
22,Miguel Castro,1,2023,45411.47
60,María Flores,5,2023,23396.2
43,Manuel Silva,7,2023,23520.84
359,Rosa Rivera,10,2022,35632.46
136,Carmen Silva,5,2023,35383.98
102,Laura Flores,9,2023,37656.87
61,Marta Pérez,5,2021,46044.12
129,Miguel Sánchez,10,2023,44488.68
3,Manuel Gómez,7,2022,5613.86
289,Sofía Rivera,1,2021,10335.33
284,José Ortiz,11,2022,35707.76
146,Lucía Gutierrez,8,2022,9467.69
21,Juan López,9,2023,29427.63
378,Juan Díaz,3,2023,31696.99
203,Lucía Ramírez,5,2021,32320.02
23,Carmen Flores,2,2021,47950.17
89,Pedro Flores,9,2023,42360.3
110,Ana Gómez,9,2023,46300.02
295,Carmen Pérez,3,2022,36935.24
98,Carlos Díaz,5,2022,48660.18
230,Francisco Díaz,1,2021,41574.84
83,Pedro García,5,2023,11024.13
63,Sofía Díaz,1,2022,28115.61
133,Raúl Torres,1,2021,31476.95
80,Rosa López,4,2023,43498.68
40,Manuel Torres,5,2021,47484.93
40,Manuel Torres,10,2022,10615.99
343,Manuel López,12,2021,27746.08
319,Manuel Flores,3,2021,21188.86
313,Laura Pérez,9,2021,14099.05
244,José Torres,4,2023,10657.86
319,Manuel Flores,7,2023,29094.02
218,Rosa Ramírez,7,2021,7810.5
189,Jorge Gómez,2,2022,21918.92
223,María Mendoza,1,2022,43356.09
33,Elena Martínez,9,2021,20924.04
3,Manuel Gómez,9,2023,30281.36
82,Pedro Gutierrez,10,2023,45026.04
388,Pedro Rodríguez,5,2023,21163.47
13,Marta González,11,2023,31689.01
62,Sofía Sánchez,10,2023,37347.54
190,Lucía Rodríguez,7,2023,42084.52
120,Marta Silva,1,2022,47424.83
45,Luis Ortiz,5,2023,16381.18
264,Elena Rivera,12,2023,49660.6
35,Raúl Gómez,3,2023,16688.83
306,María Morales,11,2021,39897.72
101,Laura Torres,10,2023,28347.13
5,Raúl Silva,11,2022,13829.8
2,Jorge Sánchez,8,2021,44389.4
15,José Rodríguez,1,2023,18073.08
397,Sofía Castro,10,2023,38118.47
344,María González,9,2021,16265.57
148,Marta Ortiz,6,2022,39584.58
289,Sofía Rivera,10,2022,14905.88
50,José Gómez,8,2021,6610.38
167,María Rodríguez,6,2021,10415.52
81,Elena Mendoza,8,2023,22938.35
396,Rosa Gómez,10,2022,46372.14
65,María Gómez,3,2023,47154.24
296,Jorge Ramírez,1,2022,6186.06
384,Laura Silva,2,2022,44431.34
358,Carmen Gómez,5,2023,33844.72
24,Ana González,12,2022,47502.61
32,Juan Ramírez,6,2021,35909.88
340,Carlos Rodríguez,2,2023,33641.79
206,Carmen Martínez,2,2022,6163.07
256,Luis Gómez,9,2022,35191.73
160,Raúl Ortiz,6,2023,30565.81
88,Antonio Silva,8,2022,32776.2
218,Rosa Ramírez,6,2021,48690.15
177,Ana Martínez,9,2021,37315.85
339,Carlos Flores,7,2021,43314.47
219,Luis Ramírez,4,2021,45983.25
42,Juan García,11,2022,8145.04
129,Miguel Sánchez,6,2022,48770.49
51,Carmen Rivera,2,2021,18189.66
179,Jorge Martínez,2,2021,49257.38
255,Luis Flores,12,2021,11106.17
266,Miguel Torres,9,2021,13772.42
50,José Gómez,11,2022,34390.0
360,Carlos Silva,5,2021,8667.94
21,Juan López,3,2023,18605.88
173,Juan Gutierrez,12,2023,36022.42
213,María García,3,2021,22636.1
95,Francisco Castro,4,2022,29423.37
131,María Ortiz,10,2023,25226.36
264,Elena Rivera,9,2021,30295.14
169,Francisco Rivera,6,2023,24436.78
137,Francisco López,2,2022,10499.25
176,José Morales,10,2022,27948.54
91,Lucía Martínez,7,2023,36297.59
208,Luis García,6,2023,30654.75
295,Carmen Pérez,12,2022,8299.41
175,Rosa Cruz,9,2023,29374.7
26,Jorge López,7,2023,14458.28
210,Jorge Ortiz,12,2022,6109.02
15,José Rodríguez,3,2023,30797.66
385,Pedro Ramírez,6,2023,26328.48
344,María González,12,2021,49379.92
290,Rosa Díaz,11,2021,43578.93
312,Marta Gutierrez,7,2021,39915.62
309,Miguel Díaz,4,2021,42473.65
188,Laura Rodríguez,12,2023,32214.21
123,Miguel Cruz,11,2022,17193.87
380,Carlos Ortiz,5,2023,38578.13
293,Pedro Mendoza,12,2023,41619.66
173,Juan Gutierrez,6,2023,25056.3
199,Manuel Mendoza,8,2023,21425.91
43,Manuel Silva,8,2023,23331.37
359,Rosa Rivera,7,2022,46178.4
224,Manuel Díaz,4,2023,7066.69
87,Marta López,6,2022,20088.36
87,Marta López,3,2022,15759.37
189,Jorge Gómez,11,2023,27297.8
299,Raúl Rodríguez,11,2023,41074.72
198,Carmen Castro,7,2023,41581.88
85,José Rivera,7,2023,26306.71
202,Carmen González,10,2023,20313.33
270,Juan Rivera,3,2021,39948.29
229,Ana Castro,2,2021,30673.85
400,Carlos López,10,2021,32772.73
240,Carlos Torres,11,2023,5646.58
35,Raúl Gómez,4,2021,11850.6
318,Pedro Martínez,5,2021,49939.51
153,Elena Ramírez,2,2021,31726.54
74,Carmen Torres,6,2022,38874.37
18,Ana Flores,1,2021,44209.0
286,Lucía Torres,6,2023,18328.21
80,Rosa López,4,2021,12800.29
9,Manuel Rodríguez,11,2021,7360.2
255,Luis Flores,2,2022,19586.41
341,Sofía Ortiz,8,2021,21905.61
186,Laura García,12,2021,27498.18
279,Luis Díaz,9,2022,35555.32
233,Lucía Ortiz,9,2021,5923.91
293,Pedro Mendoza,2,2023,22955.46
76,Miguel Ramírez,1,2021,21034.76
271,Laura Díaz,1,2022,39015.91
51,Carmen Rivera,9,2021,33051.78
249,Manuel Cruz,6,2022,45801.87
182,Lucía Morales,9,2022,18342.58
353,Miguel Martínez,1,2021,17846.36
130,Ana Ortiz,4,2021,11924.88
293,Pedro Mendoza,6,2023,18192.03
18,Ana Flores,9,2021,23755.25
48,José Cruz,10,2021,8620.56
225,Carlos Mendoza,12,2022,21786.45
274,Carmen Ramírez,4,2021,26384.49
79,José Castro,6,2023,13182.86
315,Francisco Sánchez,8,2021,18330.85
192,Raúl González,12,2022,5828.37
8,Luis Silva,6,2021,29610.43
45,Luis Ortiz,4,2023,24849.05
155,Antonio Gómez,7,2022,14006.01
245,Luis Morales,4,2021,49120.37
260,Pedro Castro,1,2023,46660.53
23,Carmen Flores,10,2023,21635.06
343,Manuel López,10,2022,35943.53
73,Jorge Díaz,11,2022,11061.81
97,Raúl Díaz,2,2022,31794.6
213,María García,2,2021,23810.81
108,Carmen Cruz,9,2021,34979.54
164,Raúl Rivera,6,2021,23194.72
22,Miguel Castro,4,2023,48327.66
94,Francisco Cruz,12,2022,31746.43
155,Antonio Gómez,3,2023,11853.6
220,Antonio Morales,12,2021,6752.0
84,Luis Gutierrez,2,2021,38992.59
115,Sofía Gutierrez,1,2022,44901.45
239,Laura Sánchez,3,2023,23821.27
385,Pedro Ramírez,8,2023,40658.66
15,José Rodríguez,4,2022,17870.6
326,Antonio López,9,2023,39357.08
115,Sofía Gutierrez,2,2023,6347.57
336,Carmen Sánchez,5,2022,30246.2
359,Rosa Rivera,5,2021,37244.81
186,Laura García,4,2022,22470.31
247,Carlos García,2,2021,21619.18
69,Raúl Ramírez,7,2021,40882.36
225,Carlos Mendoza,7,2023,34651.08
127,Pedro Gómez,4,2023,34375.96
65,María Gómez,2,2023,23849.81
362,José García,8,2021,35476.58
72,Marta Gómez,1,2021,14832.3
116,Antonio Díaz,1,2022,48209.97
331,Jorge Torres,7,2023,8769.87
312,Marta Gutierrez,12,2021,40401.16
155,Antonio Gómez,7,2022,36118.26
116,Antonio Díaz,12,2022,16741.89
271,Laura Díaz,10,2023,41307.03
236,Carlos Morales,1,2021,49819.53
46,Miguel González,11,2023,35590.03
255,Luis Flores,5,2021,5508.99
119,Luis Rodríguez,11,2023,7401.92
153,Elena Ramírez,1,2023,44703.86
299,Raúl Rodríguez,4,2023,9154.68
244,José Torres,10,2021,38842.1
149,Manuel González,7,2021,14113.02
259,Miguel Rodríguez,12,2021,12743.37
69,Raúl Ramírez,11,2023,31564.67
367,Luis López,1,2021,17931.96
160,Raúl Ortiz,9,2022,48218.01
194,Antonio Rodríguez,11,2021,42912.9
242,Raúl López,5,2021,26178.47
138,Lucía García,6,2022,29654.21
323,Jorge Castro,8,2021,16311.23
331,Jorge Torres,5,2023,36502.95
364,Jorge Mendoza,10,2021,36542.83
387,Sofía Cruz,1,2021,47580.88
316,Ana Silva,11,2023,15797.17
180,Pedro Cruz,6,2022,35786.24
263,Elena Gutierrez,10,2023,22513.41
155,Antonio Gómez,4,2022,43561.58
328,Jorge Rodríguez,1,2023,47594.38
290,Rosa Díaz,5,2021,24222.65
178,Carmen Rodríguez,2,2021,7882.73
110,Ana Gómez,10,2022,16381.51
184,Manuel Sánchez,10,2021,8729.26
307,Elena Morales,1,2023,15834.65
191,Juan Sánchez,5,2022,21866.21
197,Lucía Pérez,12,2023,38227.56
288,Elena Rodríguez,5,2023,41853.47
184,Manuel Sánchez,6,2022,10584.22
82,Pedro Gutierrez,7,2021,21803.22
333,Carlos Cruz,6,2023,40585.55
350,José Ramírez,9,2021,14987.07
98,Carlos Díaz,5,2021,13134.65
164,Raúl Rivera,2,2023,29539.62
14,Lucía Díaz,1,2021,37093.82
270,Juan Rivera,6,2023,43401.13
65,María Gómez,8,2022,30996.76
187,Raúl García,6,2022,43661.77
299,Raúl Rodríguez,11,2022,14071.18
345,Elena Pérez,1,2022,14940.24
270,Juan Rivera,4,2021,25342.84
247,Carlos García,8,2023,29301.38
248,Marta Ramírez,9,2023,23766.7
275,Laura Morales,9,2021,46852.83
294,Marta Sánchez,7,2023,46072.08
221,Ana Díaz,7,2021,47175.62
87,Marta López,7,2023,41154.48
123,Miguel Cruz,9,2023,9178.18
60,María Flores,3,2021,36355.14
33,Elena Martínez,5,2021,30875.01
362,José García,9,2023,14913.32
379,Juan Silva,5,2022,34790.21
206,Carmen Martínez,4,2023,24035.1
60,María Flores,8,2021,10887.13
103,Laura Castro,1,2022,29292.99
123,Miguel Cruz,5,2023,8607.65
14,Lucía Díaz,1,2021,15580.43
5,Raúl Silva,9,2021,29017.78
282,Rosa Morales,9,2023,31482.25
232,Francisco Ramírez,11,2023,45009.43
6,Ana López,11,2023,45689.12
229,Ana Castro,9,2023,36954.07
35,Raúl Gómez,2,2022,34108.1
260,Pedro Castro,1,2022,22430.37
46,Miguel González,12,2023,22476.36
241,Miguel Rivera,1,2023,42853.19
292,María Sánchez,4,2022,29228.84
368,Sofía Silva,9,2021,38137.98
15,José Rodríguez,12,2022,45099.9
47,Manuel Ramírez,2,2023,15958.3
25,Carmen Morales,9,2022,5067.87
332,Luis Sánchez,3,2022,44539.22
17,Sofía Torres,7,2023,17113.42
384,Laura Silva,11,2023,5932.85
11,Francisco Silva,3,2021,24342.01
223,María Mendoza,1,2022,21846.8
131,María Ortiz,9,2023,27071.86
297,Luis Mendoza,11,2023,47452.21
324,Francisco Pérez,5,2021,26766.03
380,Carlos Ortiz,9,2022,10473.84
246,Juan Morales,7,2022,43443.91
95,Francisco Castro,4,2023,48631.21
20,Luis Rivera,12,2021,33071.55
195,Manuel Martínez,1,2021,48266.04
356,José López,10,2022,18986.71
335,Elena García,9,2021,40641.85
385,Pedro Ramírez,7,2022,19049.37
186,Laura García,6,2022,46963.44
269,Laura Ramírez,5,2023,46333.99
254,José Gutierrez,11,2022,21444.08
262,Marta Rodríguez,7,2023,35430.72
283,Rosa Torres,9,2023,24716.59
172,Rosa Silva,6,2021,34128.87
167,María Rodríguez,1,2021,10224.58
117,Ana Pérez,2,2022,7886.55
243,Elena Torres,10,2022,45084.96
290,Rosa Díaz,7,2022,31353.37
304,Pedro Díaz,12,2023,24943.22
86,Juan Castro,2,2021,46358.29
383,Francisco Rodríguez,8,2022,6254.89
11,Francisco Silva,5,2022,11633.29
124,Carmen Díaz,9,2021,42487.86
273,María Ramírez,9,2021,19469.74
99,Marta Mendoza,8,2021,41379.43
171,Pedro González,8,2022,7311.6
145,Laura Ortiz,11,2022,8376.91
77,Raúl Castro,2,2021,10848.98
233,Lucía Ortiz,4,2021,30214.95
200,Manuel Morales,12,2021,49467.67
90,Raúl Cruz,4,2023,17959.52
274,Carmen Ramírez,4,2022,12328.24
106,José Martínez,8,2021,8334.81
225,Carlos Mendoza,11,2023,12539.12
27,Elena Castro,5,2022,24158.84
223,María Mendoza,8,2021,34268.68
260,Pedro Castro,4,2023,7236.5
305,Ana Rivera,2,2022,15893.49
314,Sofía García,11,2021,31145.87
52,Manuel Pérez,11,2021,41026.03
230,Francisco Díaz,5,2022,5549.24
369,Francisco Flores,7,2023,45159.27
301,Elena González,6,2023,18376.43
391,José Flores,10,2022,49313.76
210,Jorge Ortiz,4,2021,32286.89
6,Ana López,5,2022,25897.7
137,Francisco López,1,2022,26820.24
388,Pedro Rodríguez,4,2021,41033.44
188,Laura Rodríguez,12,2022,18978.2
221,Ana Díaz,4,2023,27753.25
236,Carlos Morales,8,2022,7620.08
312,Marta Gutierrez,1,2022,30793.91
319,Manuel Flores,3,2021,6397.81
174,Antonio Ortiz,4,2021,44171.65
190,Lucía Rodríguez,3,2022,35589.52
338,Luis Cruz,12,2022,39575.77
10,Carmen Gutierrez,4,2022,44357.17
62,Sofía Sánchez,1,2023,28479.98
249,Manuel Cruz,12,2022,37560.17
353,Miguel Martínez,7,2023,47571.44
241,Miguel Rivera,4,2022,45988.61
58,Francisco García,6,2023,12549.74
318,Pedro Martínez,3,2022,48794.88
372,Sofía Gómez,5,2023,15650.74
119,Luis Rodríguez,5,2023,12603.71
246,Juan Morales,12,2023,42829.49
53,Rosa García,9,2021,9651.26
239,Laura Sánchez,12,2021,19227.77
283,Rosa Torres,5,2021,28431.36
168,Antonio Castro,6,2022,49085.74
116,Antonio Díaz,4,2022,26099.48
191,Juan Sánchez,5,2021,11026.69
126,José Silva,1,2021,43413.83
301,Elena González,7,2023,28216.73
159,Antonio Rivera,6,2023,26290.07
293,Pedro Mendoza,1,2023,27134.11
4,Lucía Rivera,7,2021,40127.12
60,María Flores,6,2021,33426.68
113,Elena Cruz,2,2023,45702.11
80,Rosa López,10,2022,46971.27
150,María Gutierrez,6,2023,17304.08
298,Francisco Martínez,5,2023,24829.34
80,Rosa López,2,2023,40906.64
275,Laura Morales,7,2022,19602.73
193,Rosa Martínez,6,2023,24944.48
231,Miguel Morales,4,2023,49386.94
237,Jorge Flores,4,2023,34162.02
184,Manuel Sánchez,11,2023,31717.01
36,Raúl Gutierrez,10,2022,8059.94
102,Laura Flores,11,2021,24997.34
191,Juan Sánchez,7,2023,29142.5
29,Elena Flores,4,2021,12958.36
124,Carmen Díaz,10,2022,43708.89
346,Juan González,1,2021,17948.53
45,Luis Ortiz,3,2021,16566.17
119,Luis Rodríguez,3,2023,14973.57
317,Luis Torres,5,2021,21398.54
367,Luis López,4,2022,19274.19
88,Antonio Silva,11,2021,18231.14
85,José Rivera,8,2021,47755.97
52,Manuel Pérez,11,2023,33549.61
359,Rosa Rivera,11,2021,24277.24
304,Pedro Díaz,11,2023,10403.38
190,Lucía Rodríguez,8,2023,28695.38
168,Antonio Castro,3,2022,10542.12
161,Jorge Pérez,7,2021,37294.88
287,Carlos Rivera,10,2023,20166.1
153,Elena Ramírez,12,2022,31702.27
367,Luis López,10,2023,31945.68
205,Antonio Flores,7,2021,18169.49
213,María García,9,2023,41449.64
380,Carlos Ortiz,12,2023,21646.28
163,Manuel García,10,2022,30177.07
216,Elena Sánchez,12,2023,34474.3
71,María Castro,5,2021,37309.07
226,Ana Rodríguez,3,2022,42800.58
133,Raúl Torres,7,2021,15239.47
230,Francisco Díaz,7,2022,13059.45
69,Raúl Ramírez,7,2023,32849.66
186,Laura García,5,2021,11729.2
225,Carlos Mendoza,8,2022,8987.96
162,Carmen Mendoza,4,2022,8343.18
117,Ana Pérez,12,2021,27345.12
325,Elena Silva,7,2022,12418.96
115,Sofía Gutierrez,6,2021,31509.22
161,Jorge Pérez,3,2021,40885.04
3,Manuel Gómez,11,2023,39442.68
78,Lucía Mendoza,9,2021,33817.98
367,Luis López,2,2023,7378.21
24,Ana González,10,2023,30461.73
109,Jorge Silva,4,2023,35128.24
97,Raúl Díaz,10,2021,13271.85
217,Laura Gómez,9,2023,25826.78
31,Pedro Pérez,9,2023,7984.39
259,Miguel Rodríguez,1,2023,49943.87
227,Raúl Sánchez,10,2021,33906.09
294,Marta Sánchez,4,2023,27773.58
98,Carlos Díaz,10,2023,23989.69
366,María López,5,2022,42662.18
287,Carlos Rivera,8,2023,21286.65
118,Antonio García,7,2023,15145.23
58,Francisco García,9,2023,28640.7
245,Luis Morales,2,2022,29677.52
251,Lucía Cruz,5,2023,25509.56
350,José Ramírez,9,2021,45866.4
361,Sofía López,5,2021,39370.94
137,Francisco López,10,2021,29405.3
206,Carmen Martínez,1,2022,48452.34
114,Rosa Pérez,12,2023,23159.45
135,José Díaz,3,2022,38199.58
391,José Flores,2,2022,43239.46
197,Lucía Pérez,3,2023,33390.09
257,Antonio Pérez,7,2021,40414.64
252,Francisco Gutierrez,2,2021,34198.17
165,Juan Rodríguez,9,2021,16404.44
119,Luis Rodríguez,4,2022,9225.45
345,Elena Pérez,7,2021,45609.29
51,Carmen Rivera,7,2021,43361.72
180,Pedro Cruz,4,2022,15529.51
117,Ana Pérez,5,2023,28696.03
364,Jorge Mendoza,7,2022,15962.28
331,Jorge Torres,5,2022,6908.59
259,Miguel Rodríguez,10,2021,19435.99
387,Sofía Cruz,6,2022,32609.45
247,Carlos García,6,2022,43956.21
90,Raúl Cruz,3,2021,12912.12
154,Laura Mendoza,8,2023,48976.5
153,Elena Ramírez,1,2021,43873.92
8,Luis Silva,8,2023,31311.31
186,Laura García,11,2021,38720.42
50,José Gómez,5,2023,46686.69
77,Raúl Castro,7,2021,10591.66
40,Manuel Torres,10,2023,24445.0
222,Laura Cruz,4,2021,7081.31
231,Miguel Morales,12,2022,37059.7
83,Pedro García,8,2023,37517.97
394,Sofía Ramírez,3,2021,39438.86
243,Elena Torres,1,2023,40487.57
377,Ana Gutierrez,3,2023,48465.54
383,Francisco Rodríguez,10,2023,40667.2
163,Manuel García,11,2022,35530.1
325,Elena Silva,2,2022,5791.87
32,Juan Ramírez,12,2022,40808.16
225,Carlos Mendoza,6,2023,30345.35
269,Laura Ramírez,6,2022,28228.51
287,Carlos Rivera,9,2022,35169.56
333,Carlos Cruz,1,2022,12472.65
10,Carmen Gutierrez,7,2022,42623.99
101,Laura Torres,12,2021,44426.52
397,Sofía Castro,4,2021,11262.03
161,Jorge Pérez,6,2022,19754.45
201,Antonio Gutierrez,12,2022,30774.1
377,Ana Gutierrez,8,2022,11059.61
400,Carlos López,8,2022,45409.11
243,Elena Torres,8,2021,27189.17
82,Pedro Gutierrez,5,2022,32957.85
187,Raúl García,11,2021,46084.28
376,Ana Cruz,6,2022,23808.86
8,Luis Silva,11,2022,27340.47
333,Carlos Cruz,5,2021,12691.72
235,Marta Cruz,2,2021,22010.03
119,Luis Rodríguez,4,2022,31147.74
76,Miguel Ramírez,8,2021,21631.34
268,María Torres,10,2021,36558.89
282,Rosa Morales,8,2021,13050.71
367,Luis López,10,2021,11202.87
324,Francisco Pérez,7,2023,32811.0
36,Raúl Gutierrez,5,2022,34180.93
44,Luis Castro,5,2021,44890.82
285,Sofía Martínez,10,2023,31985.9
66,Marta Díaz,1,2023,35306.4
253,Manuel Ortiz,7,2023,14023.99
37,Ana Morales,8,2023,36838.2
289,Sofía Rivera,3,2021,19554.83
221,Ana Díaz,7,2021,28117.67
59,José Sánchez,1,2022,13208.4
65,María Gómez,1,2022,34598.04
224,Manuel Díaz,2,2023,13660.49
276,Jorge Gutierrez,3,2022,21024.89
210,Jorge Ortiz,1,2022,9475.62
201,Antonio Gutierrez,5,2022,39157.13
41,Manuel Rivera,12,2021,39210.94
311,Lucía Gómez,2,2022,12507.41
264,Elena Rivera,4,2022,13580.98
37,Ana Morales,2,2023,46905.77
203,Lucía Ramírez,12,2021,34320.47
168,Antonio Castro,11,2021,30306.95
105,Lucía Silva,6,2021,39386.62
160,Raúl Ortiz,3,2023,10622.12
326,Antonio López,6,2023,22118.14
217,Laura Gómez,7,2023,29819.83
138,Lucía García,2,2021,47602.14
254,José Gutierrez,7,2021,10965.59
266,Miguel Torres,11,2022,5995.82
27,Elena Castro,1,2021,35276.06
127,Pedro Gómez,12,2023,42854.48
232,Francisco Ramírez,2,2022,15951.07
93,Pedro Rivera,5,2021,45089.99
359,Rosa Rivera,3,2021,27193.03
93,Pedro Rivera,1,2023,11096.52
148,Marta Ortiz,4,2021,40444.03
224,Manuel Díaz,6,2022,41513.73
76,Miguel Ramírez,8,2022,40383.87
117,Ana Pérez,12,2022,47705.9
220,Antonio Morales,9,2022,44995.36
378,Juan Díaz,10,2023,31309.47
148,Marta Ortiz,1,2022,32595.13
319,Manuel Flores,4,2021,49199.81
40,Manuel Torres,10,2023,19997.58
57,Luis González,9,2022,26804.88
119,Luis Rodríguez,10,2023,6396.48
308,Juan Ortiz,3,2022,16590.58
72,Marta Gómez,1,2021,7785.97
206,Carmen Martínez,1,2022,29362.4
210,Jorge Ortiz,1,2023,43023.09
360,Carlos Silva,3,2023,22585.71
210,Jorge Ortiz,9,2022,49980.87
21,Juan López,9,2021,49411.44
30,Sofía Rodríguez,2,2021,12562.62
162,Carmen Mendoza,10,2023,18465.72
378,Juan Díaz,3,2022,41396.92
361,Sofía López,1,2021,11085.16
251,Lucía Cruz,1,2023,21050.3
35,Raúl Gómez,2,2022,24302.3
190,Lucía Rodríguez,6,2023,11253.04
236,Carlos Morales,11,2023,39178.97
96,Lucía Sánchez,9,2022,23772.4
384,Laura Silva,11,2021,13594.36
87,Marta López,6,2023,45068.27
96,Lucía Sánchez,1,2021,27042.71
178,Carmen Rodríguez,9,2021,19110.58
1,José Mendoza,12,2022,29421.99
249,Manuel Cruz,6,2023,13363.34
241,Miguel Rivera,1,2021,5612.89
273,María Ramírez,1,2023,27874.34
214,Carlos González,10,2022,14664.03
117,Ana Pérez,9,2022,7026.66
177,Ana Martínez,6,2022,24985.86
197,Lucía Pérez,8,2022,21582.23
331,Jorge Torres,12,2022,42985.6
356,José López,4,2022,14965.54
380,Carlos Ortiz,7,2021,33778.99
97,Raúl Díaz,9,2021,45942.4
366,María López,3,2023,45801.47
233,Lucía Ortiz,8,2021,46536.51
285,Sofía Martínez,7,2023,33954.24
363,Ana Ramírez,12,2021,14786.95
348,Lucía González,2,2021,34698.88
380,Carlos Ortiz,12,2023,5627.71
203,Lucía Ramírez,2,2023,26184.63
195,Manuel Martínez,1,2021,31421.02
294,Marta Sánchez,12,2022,39993.71
52,Manuel Pérez,5,2021,34541.11
291,Carlos Pérez,3,2022,33571.76
327,Raúl Mendoza,10,2023,38073.54
50,José Gómez,9,2022,5965.59
217,Laura Gómez,4,2021,14783.04
43,Manuel Silva,4,2021,8526.41
320,Marta Martínez,11,2021,48026.77
21,Juan López,3,2023,23694.92
11,Francisco Silva,8,2022,31363.01
192,Raúl González,2,2021,41391.93
338,Luis Cruz,6,2023,21989.08
384,Laura Silva,11,2022,22373.87
395,Raúl Morales,4,2021,17431.87
98,Carlos Díaz,4,2021,49495.84
147,Francisco Morales,6,2022,28741.8
143,Carlos Ramírez,7,2021,13145.79
163,Manuel García,9,2021,38937.58
38,Laura Martínez,7,2022,9031.44
236,Carlos Morales,4,2021,18794.05
379,Juan Silva,9,2023,14957.66
328,Jorge Rodríguez,2,2021,16922.48
354,Raúl Pérez,8,2022,19382.58
158,Ana Mendoza,5,2023,21563.37
20,Luis Rivera,11,2023,26906.86
220,Antonio Morales,2,2022,31417.27
333,Carlos Cruz,4,2023,11669.78
359,Rosa Rivera,2,2023,38800.58
131,María Ortiz,8,2022,29308.52
323,Jorge Castro,9,2021,33951.07
210,Jorge Ortiz,9,2021,24946.15
213,María García,6,2022,42871.41
32,Juan Ramírez,11,2022,17163.45
124,Carmen Díaz,6,2022,28456.48
125,Manuel Castro,5,2023,42701.96
70,Sofía Pérez,8,2022,48606.79
284,José Ortiz,7,2021,28143.15
115,Sofía Gutierrez,7,2022,33649.0
301,Elena González,7,2021,36048.55
263,Elena Gutierrez,12,2023,21981.58
250,Carlos Martínez,6,2023,31244.02
185,Antonio Ramírez,12,2021,46658.06
214,Carlos González,10,2023,22159.47
87,Marta López,8,2021,14132.92
129,Miguel Sánchez,6,2022,9017.82
125,Manuel Castro,6,2023,24454.99
131,María Ortiz,3,2021,28862.84
80,Rosa López,4,2021,40225.54
186,Laura García,5,2023,47355.28
31,Pedro Pérez,2,2021,8869.31
119,Luis Rodríguez,7,2022,46138.69
42,Juan García,4,2023,34714.78
383,Francisco Rodríguez,2,2022,18318.76
295,Carmen Pérez,7,2022,26578.51
339,Carlos Flores,9,2023,25287.49
210,Jorge Ortiz,9,2021,46315.42
211,José González,6,2023,36316.37
232,Francisco Ramírez,3,2022,20102.72
172,Rosa Silva,4,2023,8982.72
252,Francisco Gutierrez,11,2022,22429.85
17,Sofía Torres,8,2023,37490.55
128,Juan Gómez,7,2023,12304.09
188,Laura Rodríguez,1,2021,42207.93
133,Raúl Torres,6,2022,42753.84
73,Jorge Díaz,11,2021,47364.88
136,Carmen Silva,11,2021,16467.64
374,Miguel Mendoza,6,2023,15464.99
145,Laura Ortiz,4,2022,23360.66
395,Raúl Morales,2,2021,38061.66
310,Rosa Gutierrez,11,2021,18896.31
301,Elena González,1,2023,27114.31
179,Jorge Martínez,8,2021,35499.22
345,Elena Pérez,9,2021,27070.24
237,Jorge Flores,7,2022,19417.36
156,Miguel Pérez,12,2023,19555.32
168,Antonio Castro,3,2021,44599.4
398,María Cruz,9,2023,8351.23
137,Francisco López,8,2022,28599.68
297,Luis Mendoza,7,2021,28118.14
289,Sofía Rivera,10,2022,20058.1
331,Jorge Torres,1,2022,29611.21
35,Raúl Gómez,6,2021,44781.36
26,Jorge López,4,2022,42450.25
235,Marta Cruz,7,2022,34781.5
287,Carlos Rivera,1,2021,25896.2
103,Laura Castro,2,2022,10344.57
269,Laura Ramírez,4,2021,9419.61
343,Manuel López,3,2022,33543.62
45,Luis Ortiz,3,2022,42094.87
84,Luis Gutierrez,3,2022,29507.59
266,Miguel Torres,7,2023,18828.93
2,Jorge Sánchez,1,2023,38115.32
139,Lucía Castro,12,2022,38206.8
360,Carlos Silva,7,2023,48363.98
35,Raúl Gómez,7,2023,30532.3
162,Carmen Mendoza,2,2023,26584.12
307,Elena Morales,6,2023,33677.66
262,Marta Rodríguez,4,2022,39037.01
255,Luis Flores,2,2021,36895.4
143,Carlos Ramírez,3,2022,31875.03
278,Pedro Ortiz,3,2021,36870.25
37,Ana Morales,6,2023,34316.45
84,Luis Gutierrez,12,2023,20001.59
132,Jorge Morales,5,2021,22024.46
234,Antonio Torres,5,2022,14273.81
228,Jorge González,3,2023,39302.01
172,Rosa Silva,10,2021,7393.45
324,Francisco Pérez,7,2021,27540.1
225,Carlos Mendoza,8,2021,32361.04
154,Laura Mendoza,10,2022,44205.69
302,Laura Rivera,8,2023,25807.0
222,Laura Cruz,8,2023,31967.76
266,Miguel Torres,6,2021,24185.76
147,Francisco Morales,12,2022,36570.7
117,Ana Pérez,12,2023,37062.13
332,Luis Sánchez,6,2022,39051.35
186,Laura García,12,2021,47806.16
33,Elena Martínez,1,2021,21617.78
158,Ana Mendoza,7,2022,10647.34
191,Juan Sánchez,10,2023,12153.65
54,Juan Martínez,1,2023,8224.03
375,Elena Díaz,2,2023,44175.9
256,Luis Gómez,10,2023,32380.82
309,Miguel Díaz,6,2022,20905.79
334,Laura López,6,2023,30929.89
312,Marta Gutierrez,7,2023,10786.79
304,Pedro Díaz,1,2021,10938.65
395,Raúl Morales,8,2022,23549.99
195,Manuel Martínez,4,2023,35610.62
388,Pedro Rodríguez,6,2021,37100.47
394,Sofía Ramírez,12,2022,26251.92
81,Elena Mendoza,6,2021,34489.76
35,Raúl Gómez,3,2021,6767.79
299,Raúl Rodríguez,10,2022,8629.71
225,Carlos Mendoza,9,2021,23749.65
329,Sofía Mendoza,10,2023,16465.24
341,Sofía Ortiz,1,2023,20899.98
254,José Gutierrez,11,2022,30433.16
338,Luis Cruz,11,2022,16090.18
119,Luis Rodríguez,12,2022,33060.85
333,Carlos Cruz,4,2022,21051.9
155,Antonio Gómez,8,2022,10023.85
90,Raúl Cruz,7,2021,39305.45
320,Marta Martínez,1,2022,41774.81
37,Ana Morales,2,2023,33071.33
179,Jorge Martínez,7,2023,14194.6
398,María Cruz,5,2021,6410.78
290,Rosa Díaz,7,2023,36132.99
238,Ana García,1,2022,6890.6
372,Sofía Gómez,7,2021,11537.15
394,Sofía Ramírez,1,2022,27726.84
65,María Gómez,2,2021,25743.1
242,Raúl López,8,2023,31144.97
118,Antonio García,11,2021,36253.56
244,José Torres,8,2022,29982.03
34,María Silva,7,2021,10948.56
400,Carlos López,9,2022,19176.3
303,Jorge García,3,2022,5270.83
243,Elena Torres,12,2022,31463.05
333,Carlos Cruz,2,2023,39765.9
88,Antonio Silva,8,2022,36763.37
106,José Martínez,12,2023,22451.53
309,Miguel Díaz,8,2023,33629.79
37,Ana Morales,9,2023,10449.11
28,Rosa Ortiz,3,2022,19542.49
307,Elena Morales,12,2021,13737.07
34,María Silva,12,2021,46055.17
210,Jorge Ortiz,2,2021,45568.42
258,Francisco Mendoza,9,2023,47331.78
131,María Ortiz,4,2021,49243.16
256,Luis Gómez,3,2022,14421.66
187,Raúl García,1,2023,29994.48
362,José García,4,2021,44053.62
257,Antonio Pérez,4,2022,46897.12
3,Manuel Gómez,10,2022,32436.05
349,José Pérez,8,2021,43179.75
132,Jorge Morales,11,2023,9980.06
256,Luis Gómez,1,2023,47443.75
331,Jorge Torres,6,2021,25484.4
134,Sofía González,1,2022,33862.23
215,Marta Morales,8,2021,23070.11
88,Antonio Silva,4,2022,24874.02
87,Marta López,2,2022,33645.52
82,Pedro Gutierrez,5,2021,42905.68
298,Francisco Martínez,3,2021,40160.63
211,José González,6,2021,14341.2
355,Miguel Ortiz,6,2023,42629.57
364,Jorge Mendoza,10,2021,31903.31
226,Ana Rodríguez,4,2021,10634.63
348,Lucía González,6,2021,7816.91
11,Francisco Silva,12,2023,44713.12
60,María Flores,8,2023,18627.49
236,Carlos Morales,6,2023,15882.33
224,Manuel Díaz,8,2022,49808.63
139,Lucía Castro,4,2022,44125.18
157,Raúl Martínez,12,2022,21754.61
120,Marta Silva,1,2022,32854.62
333,Carlos Cruz,2,2023,19901.92
116,Antonio Díaz,8,2021,37420.07
183,Luis Pérez,2,2023,47327.79
78,Lucía Mendoza,1,2022,35564.5
9,Manuel Rodríguez,2,2021,18763.16
346,Juan González,11,2023,36923.44
104,Marta García,2,2021,20497.35
22,Miguel Castro,12,2022,47886.5
132,Jorge Morales,2,2023,25243.74
259,Miguel Rodríguez,7,2021,23622.54
268,María Torres,3,2023,17482.68
279,Luis Díaz,10,2022,14423.45
398,María Cruz,3,2021,12373.76
246,Juan Morales,1,2021,20313.22
215,Marta Morales,12,2021,29069.96
169,Francisco Rivera,1,2022,16019.16
41,Manuel Rivera,11,2023,19314.93
309,Miguel Díaz,9,2021,48140.42
253,Manuel Ortiz,4,2021,32600.58
366,María López,6,2022,45451.82
350,José Ramírez,1,2023,39782.54
113,Elena Cruz,7,2021,37792.22
316,Ana Silva,2,2022,35543.41
14,Lucía Díaz,10,2022,33984.79
377,Ana Gutierrez,7,2021,17735.83
354,Raúl Pérez,3,2023,33829.96
236,Carlos Morales,7,2021,8646.14
122,María Rivera,1,2023,29115.46
103,Laura Castro,6,2023,29575.85
333,Carlos Cruz,9,2022,49275.3
197,Lucía Pérez,3,2023,25135.33
273,María Ramírez,12,2023,46618.45
203,Lucía Ramírez,5,2023,33889.79
322,Lucía Flores,10,2021,9436.95
212,María Pérez,2,2023,30034.41
144,Francisco González,2,2022,49888.33
340,Carlos Rodríguez,3,2023,26768.53
383,Francisco Rodríguez,11,2021,7829.8
44,Luis Castro,12,2023,20430.49
114,Rosa Pérez,8,2022,27520.64
20,Luis Rivera,10,2022,18933.46
171,Pedro González,10,2021,11810.16
275,Laura Morales,2,2023,42215.68
194,Antonio Rodríguez,3,2022,9971.3
345,Elena Pérez,5,2021,47076.8
33,Elena Martínez,4,2022,40301.99
17,Sofía Torres,4,2023,43441.29
390,Jorge Rivera,4,2021,23362.85
390,Jorge Rivera,3,2022,39705.53
133,Raúl Torres,7,2022,11960.3
289,Sofía Rivera,3,2021,28836.8
143,Carlos Ramírez,11,2022,11173.57
148,Marta Ortiz,9,2023,45142.45
43,Manuel Silva,7,2022,22701.93
333,Carlos Cruz,5,2021,41723.74
134,Sofía González,3,2021,8857.01
343,Manuel López,6,2023,35259.09
141,Rosa Sánchez,12,2023,29864.71
258,Francisco Mendoza,6,2021,21954.5
75,Juan Flores,10,2023,23153.22
199,Manuel Mendoza,2,2023,20884.39
109,Jorge Silva,1,2022,6971.7
242,Raúl López,12,2022,21241.96
107,Elena Gómez,9,2023,28368.61
383,Francisco Rodríguez,3,2022,18438.87
275,Laura Morales,10,2023,25272.58
276,Jorge Gutierrez,7,2022,24666.49
281,Juan Mendoza,9,2021,36942.92
101,Laura Torres,7,2022,20274.11
339,Carlos Flores,6,2021,45527.02
170,Antonio González,10,2022,10046.35
1,José Mendoza,7,2022,38724.77
66,Marta Díaz,6,2022,29152.97
165,Juan Rodríguez,12,2023,32690.2
29,Elena Flores,12,2023,39292.47
384,Laura Silva,2,2021,6208.32
80,Rosa López,7,2022,25255.62
96,Lucía Sánchez,6,2022,34032.9
21,Juan López,1,2021,46545.66
259,Miguel Rodríguez,5,2023,47691.18
202,Carmen González,2,2021,44274.89
54,Juan Martínez,9,2021,9275.71
391,José Flores,11,2021,30256.12
49,Sofía Flores,7,2022,5449.56
335,Elena García,2,2022,34998.63
75,Juan Flores,7,2021,43687.55
207,Laura Gutierrez,3,2023,9836.5
140,Antonio Martínez,9,2022,27470.31
86,Juan Castro,10,2023,9174.53
200,Manuel Morales,2,2023,12904.15
294,Marta Sánchez,10,2023,22133.05
156,Miguel Pérez,11,2021,40312.47
279,Luis Díaz,6,2023,43404.96
50,José Gómez,9,2023,24648.68
51,Carmen Rivera,2,2021,7147.2
79,José Castro,2,2023,42743.45
213,María García,3,2021,46478.14
318,Pedro Martínez,8,2021,30207.24
319,Manuel Flores,12,2021,23814.18
397,Sofía Castro,2,2023,48561.83
136,Carmen Silva,11,2022,21722.72
363,Ana Ramírez,8,2022,11623.08
325,Elena Silva,6,2021,36566.8
328,Jorge Rodríguez,2,2022,35499.97
229,Ana Castro,10,2022,17293.61
51,Carmen Rivera,12,2022,21674.21
12,Pedro Morales,7,2022,43048.04
183,Luis Pérez,2,2021,31205.9
47,Manuel Ramírez,10,2021,7667.64
261,Elena López,8,2022,17496.12
5,Raúl Silva,1,2021,18510.33
77,Raúl Castro,5,2022,7054.48
323,Jorge Castro,7,2022,9775.46
347,Carlos Gómez,12,2023,43634.44
107,Elena Gómez,3,2021,41628.46
227,Raúl Sánchez,3,2021,8600.86
154,Laura Mendoza,12,2022,24606.21
83,Pedro García,5,2021,21014.87
174,Antonio Ortiz,7,2021,28455.65
160,Raúl Ortiz,4,2023,33541.06
244,José Torres,2,2022,35689.17
388,Pedro Rodríguez,12,2021,46197.82
330,Pedro Sánchez,8,2022,42975.84
64,Jorge Cruz,6,2022,30236.87
268,María Torres,3,2022,22974.96
345,Elena Pérez,6,2021,32681.83
107,Elena Gómez,6,2023,49476.25
326,Antonio López,2,2021,42730.87
19,Marta Flores,8,2022,27173.61
59,José Sánchez,11,2022,45577.99
148,Marta Ortiz,8,2021,26680.16
282,Rosa Morales,11,2022,43194.51
333,Carlos Cruz,9,2022,47606.41
365,Marta Rivera,10,2021,27215.25
183,Luis Pérez,2,2022,30415.72
38,Laura Martínez,8,2022,24676.93
192,Raúl González,5,2021,6085.75
96,Lucía Sánchez,11,2023,35483.6
66,Marta Díaz,10,2021,17351.05
169,Francisco Rivera,3,2021,49960.65
225,Carlos Mendoza,8,2021,45765.68
33,Elena Martínez,10,2023,27673.68
286,Lucía Torres,4,2023,40001.94
274,Carmen Ramírez,5,2021,6370.67
368,Sofía Silva,1,2021,11615.48
63,Sofía Díaz,12,2022,44926.16
80,Rosa López,1,2021,31346.21
238,Ana García,7,2021,22842.16
350,José Ramírez,4,2023,41526.25
252,Francisco Gutierrez,6,2023,36054.4
353,Miguel Martínez,8,2022,23235.73
92,Miguel López,2,2022,34925.59
385,Pedro Ramírez,10,2022,16865.23
134,Sofía González,11,2022,42736.29
164,Raúl Rivera,1,2021,18588.06
118,Antonio García,7,2021,44321.33
93,Pedro Rivera,7,2022,16041.83
361,Sofía López,9,2021,25593.68
248,Marta Ramírez,10,2023,24052.54
267,Miguel Gómez,7,2023,49872.6
149,Manuel González,8,2021,12825.27
5,Raúl Silva,3,2021,39814.98
390,Jorge Rivera,10,2023,12087.0
389,Rosa Castro,11,2021,26333.49
334,Laura López,12,2023,14483.05
347,Carlos Gómez,8,2022,45016.99
26,Jorge López,9,2021,41340.05
294,Marta Sánchez,6,2021,22705.71
310,Rosa Gutierrez,2,2021,18857.95
112,Miguel Gutierrez,10,2023,23954.68
344,María González,5,2022,42649.0
45,Luis Ortiz,10,2023,41537.26
98,Carlos Díaz,3,2022,29697.92
380,Carlos Ortiz,4,2023,14638.31
2,Jorge Sánchez,4,2023,14161.58
105,Lucía Silva,10,2023,42478.91
31,Pedro Pérez,12,2022,28515.26
164,Raúl Rivera,1,2023,49422.47
94,Francisco Cruz,3,2021,46130.11
46,Miguel González,10,2023,11365.43
317,Luis Torres,11,2021,40884.86
110,Ana Gómez,3,2022,24347.03
26,Jorge López,7,2022,24022.93
164,Raúl Rivera,2,2022,49883.12
63,Sofía Díaz,8,2023,48521.33
258,Francisco Mendoza,12,2022,21437.61
196,Rosa Mendoza,2,2023,23829.65
97,Raúl Díaz,4,2021,28924.41
72,Marta Gómez,9,2023,44091.42
172,Rosa Silva,3,2022,16052.42
142,Juan Torres,9,2023,37191.21
216,Elena Sánchez,2,2022,22537.37
220,Antonio Morales,1,2022,43662.87
3,Manuel Gómez,10,2021,38186.6
303,Jorge García,2,2022,8607.17
147,Francisco Morales,4,2021,44749.06
272,Rosa Flores,9,2022,18877.67
5,Raúl Silva,11,2022,43568.55
374,Miguel Mendoza,12,2021,17286.95
337,Marta Torres,6,2023,46125.05
248,Marta Ramírez,4,2023,14332.62
162,Carmen Mendoza,4,2022,17031.32
283,Rosa Torres,9,2023,44563.42
371,Carlos Gutierrez,11,2023,24124.67
44,Luis Castro,10,2023,47816.95
330,Pedro Sánchez,11,2023,27870.28
321,Antonio Sánchez,5,2023,9917.6
303,Jorge García,10,2022,40840.05
331,Jorge Torres,4,2021,40380.78
69,Raúl Ramírez,12,2021,30522.16
4,Lucía Rivera,5,2021,49197.2
379,Juan Silva,7,2022,25912.48
85,José Rivera,9,2021,10982.63
288,Elena Rodríguez,11,2023,14246.54
187,Raúl García,10,2023,45684.31
239,Laura Sánchez,6,2021,9198.36
397,Sofía Castro,4,2023,39289.33
149,Manuel González,9,2023,40490.27
265,Juan Cruz,3,2023,45259.19
27,Elena Castro,10,2021,13483.69
243,Elena Torres,6,2023,49116.02
252,Francisco Gutierrez,4,2021,28735.46
25,Carmen Morales,10,2021,27128.04
35,Raúl Gómez,5,2023,18414.79
103,Laura Castro,11,2023,48613.45
58,Francisco García,8,2021,41519.51
75,Juan Flores,6,2021,37861.52
74,Carmen Torres,11,2022,17523.75
381,Antonio Cruz,3,2021,23680.77
24,Ana González,10,2022,34501.89
42,Juan García,6,2023,22847.55
343,Manuel López,2,2021,42096.49
318,Pedro Martínez,2,2021,48962.47
214,Carlos González,2,2021,18426.47
141,Rosa Sánchez,5,2022,15702.26
72,Marta Gómez,2,2023,10867.15
213,María García,6,2021,11713.75
227,Raúl Sánchez,6,2022,9170.97
177,Ana Martínez,6,2023,9419.73
1,José Mendoza,4,2021,27405.5
17,Sofía Torres,11,2023,48175.3
187,Raúl García,8,2021,46076.8
105,Lucía Silva,5,2022,24473.6
381,Antonio Cruz,4,2022,26933.22
26,Jorge López,4,2023,37276.88
14,Lucía Díaz,5,2021,35089.2
387,Sofía Cruz,6,2021,23920.7
372,Sofía Gómez,10,2021,28549.1
335,Elena García,8,2023,46022.08
282,Rosa Morales,3,2022,18425.3
178,Carmen Rodríguez,12,2021,20047.23
179,Jorge Martínez,8,2021,42667.46
380,Carlos Ortiz,3,2023,38089.74
356,José López,3,2023,9972.75
196,Rosa Mendoza,3,2023,15555.67
285,Sofía Martínez,8,2023,13266.73
108,Carmen Cruz,11,2021,42038.83
239,Laura Sánchez,6,2023,47960.84
238,Ana García,3,2023,43829.49
129,Miguel Sánchez,9,2022,24998.19
33,Elena Martínez,5,2021,16044.32
69,Raúl Ramírez,2,2023,49654.26
36,Raúl Gutierrez,2,2021,27354.84
168,Antonio Castro,5,2021,33548.01
260,Pedro Castro,7,2022,13665.38
264,Elena Rivera,11,2022,49280.47
87,Marta López,9,2021,10522.44
24,Ana González,1,2021,19250.48
334,Laura López,1,2021,28989.71
55,Ana Torres,10,2023,35697.35
280,Carmen López,3,2022,49486.39
282,Rosa Morales,2,2021,6685.86
105,Lucía Silva,7,2021,15265.19
181,Juan Pérez,12,2022,36031.77
253,Manuel Ortiz,10,2021,13428.25
84,Luis Gutierrez,7,2021,26004.78
339,Carlos Flores,8,2021,40446.44
251,Lucía Cruz,8,2022,29454.32
181,Juan Pérez,1,2023,36905.41
136,Carmen Silva,7,2022,37465.5
40,Manuel Torres,6,2022,41854.14
183,Luis Pérez,5,2023,8181.1
326,Antonio López,4,2021,16018.87
59,José Sánchez,5,2021,40465.99
320,Marta Martínez,11,2023,20844.65
258,Francisco Mendoza,5,2021,19001.57
152,Laura González,8,2021,16294.67
113,Elena Cruz,10,2022,48131.42
142,Juan Torres,3,2021,7184.92
85,José Rivera,12,2022,47623.61
171,Pedro González,7,2023,49670.26
234,Antonio Torres,1,2021,42393.02
368,Sofía Silva,12,2023,8639.02
232,Francisco Ramírez,12,2023,49127.23
71,María Castro,9,2021,24623.96
274,Carmen Ramírez,12,2022,5688.65
197,Lucía Pérez,6,2023,47622.23
209,Pedro Silva,5,2023,48835.43
175,Rosa Cruz,8,2022,49676.68
262,Marta Rodríguez,1,2021,41778.23
85,José Rivera,9,2023,16169.14
354,Raúl Pérez,10,2022,14562.22
260,Pedro Castro,5,2022,32261.43
151,Carmen Ortiz,6,2021,44271.01
265,Juan Cruz,5,2021,28161.11
380,Carlos Ortiz,8,2022,48767.33
223,María Mendoza,8,2023,6870.98
286,Lucía Torres,12,2021,21320.15
116,Antonio Díaz,3,2023,9066.52
90,Raúl Cruz,10,2023,16458.39
96,Lucía Sánchez,11,2021,39391.79
381,Antonio Cruz,4,2023,41024.77
96,Lucía Sánchez,6,2023,16098.7
247,Carlos García,11,2022,20896.01
70,Sofía Pérez,11,2022,41151.59
139,Lucía Castro,7,2022,40023.98
77,Raúl Castro,9,2021,12774.32
103,Laura Castro,7,2021,29840.19
194,Antonio Rodríguez,1,2022,7331.87
125,Manuel Castro,12,2023,28499.89
105,Lucía Silva,5,2022,36131.9
207,Laura Gutierrez,10,2022,28770.22
347,Carlos Gómez,1,2023,21347.25
29,Elena Flores,5,2021,6988.78
69,Raúl Ramírez,10,2023,16506.15
373,Luis Martínez,3,2022,42846.25
276,Jorge Gutierrez,2,2021,26233.36
146,Lucía Gutierrez,2,2021,40016.53
132,Jorge Morales,7,2022,17700.52
212,María Pérez,12,2022,14186.51
107,Elena Gómez,11,2022,10349.68
367,Luis López,3,2023,25098.79
399,Sofía Morales,4,2022,22741.56
396,Rosa Gómez,10,2022,32161.35
245,Luis Morales,11,2021,24766.94
347,Carlos Gómez,10,2022,40219.36
69,Raúl Ramírez,4,2021,35028.91
81,Elena Mendoza,6,2021,40304.32
57,Luis González,7,2021,8303.17
161,Jorge Pérez,10,2021,42623.41
176,José Morales,10,2022,15873.01
39,Manuel Gutierrez,7,2021,12842.86
76,Miguel Ramírez,8,2022,42562.82
199,Manuel Mendoza,11,2022,30086.51
217,Laura Gómez,3,2021,40745.01
201,Antonio Gutierrez,5,2023,11378.72
59,José Sánchez,3,2021,36179.12
299,Raúl Rodríguez,10,2021,14331.43
21,Juan López,5,2023,19378.3
386,Marta Castro,3,2023,10794.42
3,Manuel Gómez,10,2022,29518.27
291,Carlos Pérez,5,2022,31119.45
63,Sofía Díaz,2,2022,42995.71
335,Elena García,4,2022,43450.69
350,José Ramírez,8,2022,9958.8
207,Laura Gutierrez,8,2021,7593.02
356,José López,4,2021,17095.2
137,Francisco López,11,2022,28846.26
217,Laura Gómez,7,2022,45349.75
109,Jorge Silva,12,2021,34169.8
197,Lucía Pérez,1,2023,37061.16
122,María Rivera,12,2023,46649.0
74,Carmen Torres,3,2021,30037.8
255,Luis Flores,10,2022,18888.19
75,Juan Flores,2,2023,19251.16
308,Juan Ortiz,7,2022,32967.48
107,Elena Gómez,8,2022,48442.11
381,Antonio Cruz,1,2021,6734.26
44,Luis Castro,11,2023,24874.35
26,Jorge López,3,2021,13409.5
297,Luis Mendoza,2,2023,16406.14
389,Rosa Castro,6,2023,29991.88
25,Carmen Morales,10,2021,30465.39
349,José Pérez,7,2023,35168.29
163,Manuel García,9,2023,37537.94
191,Juan Sánchez,12,2022,26032.12
214,Carlos González,4,2023,49130.05
330,Pedro Sánchez,6,2022,6255.48
18,Ana Flores,3,2022,25342.85
250,Carlos Martínez,9,2021,40563.77
101,Laura Torres,5,2022,24767.33
245,Luis Morales,9,2021,41957.56
190,Lucía Rodríguez,1,2021,46662.35
51,Carmen Rivera,5,2021,9862.45
388,Pedro Rodríguez,7,2023,8218.4
244,José Torres,1,2022,24107.56
217,Laura Gómez,5,2023,25318.61
172,Rosa Silva,4,2021,47161.38
371,Carlos Gutierrez,8,2023,12413.76
130,Ana Ortiz,10,2023,22339.47
159,Antonio Rivera,4,2021,13846.9
216,Elena Sánchez,4,2022,21646.34
5,Raúl Silva,7,2022,8469.53
242,Raúl López,11,2022,29382.6
138,Lucía García,6,2022,45956.08
324,Francisco Pérez,11,2023,16302.29
67,Francisco Ortiz,11,2021,23023.28
317,Luis Torres,12,2021,44129.26
79,José Castro,2,2021,32003.33
190,Lucía Rodríguez,4,2022,9177.93
219,Luis Ramírez,8,2023,10890.79
349,José Pérez,7,2021,16144.77
64,Jorge Cruz,2,2021,49040.47
391,José Flores,9,2023,12101.37
50,José Gómez,1,2023,49545.33
292,María Sánchez,12,2023,13429.84
155,Antonio Gómez,7,2023,10473.33
135,José Díaz,2,2023,13823.47
3,Manuel Gómez,2,2023,8270.71
241,Miguel Rivera,7,2021,22271.14
73,Jorge Díaz,11,2022,43193.79
176,José Morales,2,2021,37766.18
140,Antonio Martínez,7,2023,11419.81
137,Francisco López,7,2023,28500.86
150,María Gutierrez,11,2021,23668.66
253,Manuel Ortiz,9,2021,25630.86
30,Sofía Rodríguez,7,2022,17643.31
127,Pedro Gómez,9,2021,19695.52
291,Carlos Pérez,5,2022,36867.19
143,Carlos Ramírez,11,2022,35467.34
370,Ana Sánchez,9,2021,35088.66
218,Rosa Ramírez,8,2021,14217.56
53,Rosa García,11,2021,12204.59
297,Luis Mendoza,1,2021,48053.49
90,Raúl Cruz,4,2023,19626.04
341,Sofía Ortiz,5,2023,45260.89
38,Laura Martínez,12,2022,8904.4
325,Elena Silva,8,2022,39468.56
190,Lucía Rodríguez,7,2021,15711.62
186,Laura García,6,2022,46632.68
340,Carlos Rodríguez,9,2022,27492.7
18,Ana Flores,4,2023,34383.28
108,Carmen Cruz,4,2023,35725.61
175,Rosa Cruz,9,2021,30376.99
325,Elena Silva,10,2023,27751.69
108,Carmen Cruz,10,2022,38635.82
224,Manuel Díaz,8,2021,29895.6
215,Marta Morales,7,2022,42110.41
294,Marta Sánchez,10,2022,43169.47
319,Manuel Flores,2,2022,18223.27
9,Manuel Rodríguez,4,2022,19427.22
323,Jorge Castro,8,2023,39233.12
64,Jorge Cruz,3,2021,42670.0
150,María Gutierrez,8,2022,9306.45
219,Luis Ramírez,11,2021,43567.47
75,Juan Flores,8,2021,8253.99
255,Luis Flores,9,2023,8245.7
377,Ana Gutierrez,1,2023,11532.73
128,Juan Gómez,7,2022,11763.54
354,Raúl Pérez,2,2022,28424.93
254,José Gutierrez,9,2022,29950.35
278,Pedro Ortiz,2,2022,15009.48
398,María Cruz,10,2022,8145.99
66,Marta Díaz,8,2021,8539.96
286,Lucía Torres,4,2022,22195.54
106,José Martínez,3,2021,28290.38
312,Marta Gutierrez,12,2022,26059.58
3,Manuel Gómez,11,2021,10704.02
173,Juan Gutierrez,7,2022,17674.41
325,Elena Silva,11,2021,9456.02
161,Jorge Pérez,7,2023,21117.63
22,Miguel Castro,5,2021,43343.76
118,Antonio García,6,2023,49511.9
62,Sofía Sánchez,12,2022,30151.81
398,María Cruz,10,2023,17616.42
344,María González,4,2021,34234.44
19,Marta Flores,6,2021,43918.35
351,Pedro Torres,7,2022,19065.86
293,Pedro Mendoza,2,2021,41134.48
130,Ana Ortiz,7,2022,15347.51
351,Pedro Torres,8,2022,10759.38
58,Francisco García,2,2021,43848.62
400,Carlos López,5,2022,17229.64
304,Pedro Díaz,10,2023,44254.98
146,Lucía Gutierrez,2,2022,31293.92
4,Lucía Rivera,12,2021,37873.62
53,Rosa García,1,2023,38901.84
89,Pedro Flores,1,2021,13215.37
104,Marta García,9,2022,45031.71
254,José Gutierrez,8,2021,37647.59
384,Laura Silva,6,2021,24241.58
28,Rosa Ortiz,7,2022,27514.97
30,Sofía Rodríguez,9,2021,32291.23
247,Carlos García,4,2022,47291.4
399,Sofía Morales,9,2021,48371.82
193,Rosa Martínez,2,2021,38751.54
71,María Castro,3,2022,44532.54
273,María Ramírez,12,2023,21780.25
346,Juan González,8,2022,18249.46
36,Raúl Gutierrez,7,2023,23716.29
227,Raúl Sánchez,11,2023,5682.24
88,Antonio Silva,7,2021,18628.23
329,Sofía Mendoza,7,2021,5935.91
98,Carlos Díaz,6,2023,41702.01
29,Elena Flores,4,2022,32608.04
176,José Morales,4,2022,19879.45
394,Sofía Ramírez,6,2021,5448.82
181,Juan Pérez,2,2022,5932.61
174,Antonio Ortiz,9,2021,31484.73
247,Carlos García,1,2023,49400.13
366,María López,11,2021,30304.02
338,Luis Cruz,3,2021,6562.8
192,Raúl González,2,2021,9438.84
29,Elena Flores,3,2021,38884.27
321,Antonio Sánchez,3,2022,15534.67
137,Francisco López,1,2021,42047.7
258,Francisco Mendoza,9,2023,6775.13
355,Miguel Ortiz,9,2022,31121.46
87,Marta López,10,2022,17295.89
293,Pedro Mendoza,6,2021,46337.5
15,José Rodríguez,6,2021,30397.56
212,María Pérez,7,2023,25616.51
255,Luis Flores,1,2022,37667.38
159,Antonio Rivera,8,2022,46498.59
123,Miguel Cruz,10,2023,27718.82
369,Francisco Flores,1,2023,16163.62
327,Raúl Mendoza,11,2022,24248.67
205,Antonio Flores,5,2023,46536.96
185,Antonio Ramírez,10,2022,27283.94
297,Luis Mendoza,11,2022,34366.2
391,José Flores,9,2023,30716.15
206,Carmen Martínez,11,2023,22520.87
345,Elena Pérez,9,2021,38950.35
298,Francisco Martínez,12,2023,31005.33
38,Laura Martínez,2,2021,43014.99
386,Marta Castro,3,2021,23498.09
189,Jorge Gómez,10,2023,6095.65
282,Rosa Morales,9,2021,36360.82
40,Manuel Torres,1,2021,14523.3
394,Sofía Ramírez,6,2022,29433.59
256,Luis Gómez,2,2021,22000.4
58,Francisco García,10,2021,27805.37
4,Lucía Rivera,10,2021,14185.68
266,Miguel Torres,7,2022,15113.33
397,Sofía Castro,9,2021,34145.08
92,Miguel López,1,2023,47115.06
50,José Gómez,11,2023,48197.46
340,Carlos Rodríguez,3,2022,45728.6
326,Antonio López,9,2023,37612.75
181,Juan Pérez,11,2023,26766.21
211,José González,5,2022,37025.58
356,José López,3,2022,26703.04
203,Lucía Ramírez,3,2022,43572.19
12,Pedro Morales,4,2023,35776.89
247,Carlos García,3,2021,21055.3
281,Juan Mendoza,9,2023,32219.36
363,Ana Ramírez,2,2021,38304.34
143,Carlos Ramírez,5,2023,21675.6
213,María García,12,2021,35347.25
27,Elena Castro,8,2021,36645.23
4,Lucía Rivera,9,2023,42121.99
385,Pedro Ramírez,4,2021,25680.63
270,Juan Rivera,12,2023,15126.6
143,Carlos Ramírez,2,2022,15096.15
382,Rosa Rodríguez,5,2021,14492.4
87,Marta López,9,2021,12182.26
129,Miguel Sánchez,1,2022,28525.0
2,Jorge Sánchez,5,2021,41224.46
219,Luis Ramírez,4,2022,38778.74
61,Marta Pérez,2,2022,22645.43
342,María Martínez,5,2023,38986.47
183,Luis Pérez,11,2023,33466.04
291,Carlos Pérez,5,2023,39612.11
112,Miguel Gutierrez,12,2022,35381.1
82,Pedro Gutierrez,7,2022,13962.86
131,María Ortiz,11,2021,12708.78
291,Carlos Pérez,3,2022,32346.38
205,Antonio Flores,12,2021,18243.18
227,Raúl Sánchez,3,2021,8237.29
397,Sofía Castro,8,2021,28160.09
398,María Cruz,4,2022,46597.22
71,María Castro,12,2021,44951.61
33,Elena Martínez,6,2023,9035.33
206,Carmen Martínez,10,2023,7280.57
355,Miguel Ortiz,5,2021,34852.9
221,Ana Díaz,1,2022,14027.17
219,Luis Ramírez,10,2022,9422.21
289,Sofía Rivera,11,2023,32197.43
20,Luis Rivera,4,2023,29180.36
283,Rosa Torres,12,2021,27961.32
313,Laura Pérez,4,2022,28900.53
303,Jorge García,3,2022,14670.31
266,Miguel Torres,6,2022,16597.9
103,Laura Castro,5,2021,37651.22
158,Ana Mendoza,5,2022,15995.92
141,Rosa Sánchez,2,2021,9202.64
358,Carmen Gómez,5,2021,11000.77
373,Luis Martínez,5,2023,16777.67
188,Laura Rodríguez,10,2022,11026.85
229,Ana Castro,7,2023,46130.94
337,Marta Torres,12,2022,40330.48
365,Marta Rivera,5,2023,6788.42
383,Francisco Rodríguez,10,2023,45444.44
77,Raúl Castro,6,2023,36807.33
373,Luis Martínez,10,2021,32041.91
150,María Gutierrez,11,2021,35954.78
130,Ana Ortiz,1,2023,30467.79
242,Raúl López,4,2022,8437.54
143,Carlos Ramírez,10,2023,14158.08
188,Laura Rodríguez,8,2023,23431.35
270,Juan Rivera,6,2021,21764.99
27,Elena Castro,3,2021,40358.58
231,Miguel Morales,12,2021,13674.26
371,Carlos Gutierrez,11,2022,28778.01
61,Marta Pérez,9,2023,38515.91
59,José Sánchez,4,2021,13008.4
14,Lucía Díaz,10,2023,47570.2
234,Antonio Torres,7,2022,15905.78
74,Carmen Torres,6,2022,18793.49
151,Carmen Ortiz,10,2023,28836.3
272,Rosa Flores,9,2023,44214.87
27,Elena Castro,1,2021,13834.65
201,Antonio Gutierrez,12,2023,40906.7
151,Carmen Ortiz,2,2022,30522.17
164,Raúl Rivera,1,2023,12198.01
318,Pedro Martínez,4,2021,14898.72
167,María Rodríguez,10,2021,31088.45
195,Manuel Martínez,8,2023,12055.98
104,Marta García,11,2023,35924.12
132,Jorge Morales,12,2023,32167.81
37,Ana Morales,5,2022,44270.35
87,Marta López,8,2023,38796.47
394,Sofía Ramírez,2,2022,45677.3
394,Sofía Ramírez,3,2022,37741.57
284,José Ortiz,3,2022,47167.02
364,Jorge Mendoza,3,2021,30597.02
154,Laura Mendoza,9,2023,44621.16
61,Marta Pérez,6,2021,13132.3
139,Lucía Castro,5,2021,32024.84
384,Laura Silva,4,2022,8792.76
295,Carmen Pérez,2,2021,30695.47
296,Jorge Ramírez,5,2023,29382.14
267,Miguel Gómez,7,2022,32402.87
142,Juan Torres,8,2022,12501.52
137,Francisco López,3,2023,43824.24
370,Ana Sánchez,12,2022,34856.41
49,Sofía Flores,4,2023,38128.94
130,Ana Ortiz,11,2023,39223.65
116,Antonio Díaz,9,2022,36277.85
328,Jorge Rodríguez,11,2021,18686.97
336,Carmen Sánchez,10,2021,15343.15
74,Carmen Torres,6,2023,26946.62
269,Laura Ramírez,6,2021,27172.47
60,María Flores,6,2023,49900.67
335,Elena García,10,2021,38556.68
127,Pedro Gómez,5,2023,10027.92
142,Juan Torres,12,2022,34222.84
3,Manuel Gómez,11,2022,39435.95
179,Jorge Martínez,11,2023,43905.35
316,Ana Silva,2,2023,23639.35
376,Ana Cruz,2,2022,44047.33
346,Juan González,1,2023,18231.84
254,José Gutierrez,9,2021,31811.72
49,Sofía Flores,12,2022,39536.43
378,Juan Díaz,6,2021,30061.23
254,José Gutierrez,8,2022,32847.4
60,María Flores,9,2023,42305.78
58,Francisco García,1,2022,33375.31
243,Elena Torres,3,2023,25186.19
90,Raúl Cruz,2,2022,48315.65
249,Manuel Cruz,5,2021,39657.74
160,Raúl Ortiz,10,2023,12648.84
387,Sofía Cruz,10,2021,33027.04
92,Miguel López,7,2023,44769.99
138,Lucía García,11,2023,25104.76
231,Miguel Morales,1,2023,40595.67
322,Lucía Flores,3,2021,40110.07
78,Lucía Mendoza,8,2023,47094.55
124,Carmen Díaz,6,2023,20465.53
194,Antonio Rodríguez,9,2023,6560.67
292,María Sánchez,5,2021,6810.0
125,Manuel Castro,2,2021,7158.83
340,Carlos Rodríguez,7,2021,34956.49
286,Lucía Torres,3,2023,13160.88
394,Sofía Ramírez,1,2021,12464.13
291,Carlos Pérez,8,2023,28740.19
346,Juan González,5,2023,16042.71
243,Elena Torres,12,2022,46937.85
259,Miguel Rodríguez,4,2022,12252.51
20,Luis Rivera,9,2021,8215.61
385,Pedro Ramírez,11,2023,11423.78
297,Luis Mendoza,3,2023,32227.33
273,María Ramírez,11,2021,14901.67
148,Marta Ortiz,9,2022,34437.54
346,Juan González,2,2023,12450.99
202,Carmen González,11,2021,30659.18
166,Antonio Mendoza,10,2021,39196.33
32,Juan Ramírez,11,2023,40669.02
6,Ana López,3,2021,17988.76
229,Ana Castro,3,2022,32933.95
312,Marta Gutierrez,7,2023,34696.79
51,Carmen Rivera,6,2022,10507.28
100,Raúl Flores,3,2021,29131.05
127,Pedro Gómez,11,2023,41462.53
326,Antonio López,7,2022,46325.27
6,Ana López,9,2021,45230.99
223,María Mendoza,8,2022,24333.82
285,Sofía Martínez,4,2022,37362.85
399,Sofía Morales,9,2021,14854.55
189,Jorge Gómez,6,2021,9861.25
170,Antonio González,4,2023,21121.02
225,Carlos Mendoza,2,2021,42656.81
333,Carlos Cruz,12,2022,16455.43
338,Luis Cruz,7,2021,18914.83
95,Francisco Castro,5,2021,33159.85
67,Francisco Ortiz,7,2023,47113.76
85,José Rivera,11,2023,22022.21
77,Raúl Castro,5,2023,14715.35
236,Carlos Morales,6,2023,23571.19
372,Sofía Gómez,8,2022,41012.21
194,Antonio Rodríguez,1,2021,25957.39
225,Carlos Mendoza,4,2023,29635.55
112,Miguel Gutierrez,3,2023,8495.17
361,Sofía López,10,2022,43809.66
104,Marta García,5,2023,7189.88
258,Francisco Mendoza,8,2022,13555.78
136,Carmen Silva,3,2022,20283.45
287,Carlos Rivera,8,2021,27380.0
228,Jorge González,7,2023,25821.68
343,Manuel López,9,2021,42592.81
383,Francisco Rodríguez,5,2022,45482.84
202,Carmen González,12,2021,31743.74
100,Raúl Flores,11,2021,17719.64
239,Laura Sánchez,12,2023,29930.51
349,José Pérez,4,2022,6992.37
56,Carlos Sánchez,12,2022,35767.76
32,Juan Ramírez,3,2022,19110.67
63,Sofía Díaz,6,2022,6297.1
301,Elena González,10,2021,14335.34
63,Sofía Díaz,11,2021,40952.58
98,Carlos Díaz,10,2023,44728.15
242,Raúl López,1,2023,7937.48
214,Carlos González,4,2021,39664.95
198,Carmen Castro,12,2021,42299.65
17,Sofía Torres,7,2023,22313.96
270,Juan Rivera,9,2021,48368.93
173,Juan Gutierrez,5,2022,11089.97
17,Sofía Torres,3,2022,12775.58
155,Antonio Gómez,5,2022,12516.55
385,Pedro Ramírez,8,2023,21058.35
183,Luis Pérez,6,2023,15339.16
20,Luis Rivera,8,2023,8636.1
238,Ana García,8,2023,38125.18
344,María González,4,2022,49814.82
64,Jorge Cruz,9,2022,20537.59
366,María López,9,2021,5356.97
20,Luis Rivera,12,2023,40128.47
285,Sofía Martínez,7,2021,11032.94
269,Laura Ramírez,9,2021,47832.13
270,Juan Rivera,2,2023,6136.73
286,Lucía Torres,12,2023,12943.79
341,Sofía Ortiz,10,2023,25342.32
102,Laura Flores,3,2022,39568.0
178,Carmen Rodríguez,8,2021,9089.55
180,Pedro Cruz,12,2021,28166.2
234,Antonio Torres,4,2022,39579.58
103,Laura Castro,5,2022,43127.64
349,José Pérez,3,2023,13594.73
121,Carmen García,1,2021,25207.32
345,Elena Pérez,4,2021,41467.94
60,María Flores,11,2023,11158.57
101,Laura Torres,1,2021,42160.77
309,Miguel Díaz,6,2022,36441.42
26,Jorge López,11,2022,25153.2
43,Manuel Silva,9,2022,17080.52
210,Jorge Ortiz,7,2023,31184.66
392,Lucía López,11,2023,38783.09
60,María Flores,4,2023,23012.64
239,Laura Sánchez,1,2022,27825.75
251,Lucía Cruz,3,2021,22729.83
377,Ana Gutierrez,5,2022,30537.63
140,Antonio Martínez,1,2021,9480.96
114,Rosa Pérez,6,2021,34047.23
299,Raúl Rodríguez,10,2021,32561.84
360,Carlos Silva,8,2023,38166.54
99,Marta Mendoza,4,2022,13564.13
268,María Torres,11,2021,25150.11
189,Jorge Gómez,9,2021,18778.21
251,Lucía Cruz,10,2021,11487.45
235,Marta Cruz,4,2023,14123.59
82,Pedro Gutierrez,1,2023,31875.79
231,Miguel Morales,2,2022,48062.69
398,María Cruz,12,2023,9438.93
90,Raúl Cruz,11,2021,48723.95
299,Raúl Rodríguez,7,2023,42956.02
346,Juan González,5,2021,28690.34
295,Carmen Pérez,9,2021,47982.25
40,Manuel Torres,12,2022,26178.96
149,Manuel González,12,2021,49299.35
99,Marta Mendoza,6,2022,49075.96
398,María Cruz,5,2021,15729.85
372,Sofía Gómez,4,2021,49878.33
398,María Cruz,12,2022,43180.3
60,María Flores,8,2022,37893.31
144,Francisco González,4,2023,20715.74
13,Marta González,12,2022,37432.45
91,Lucía Martínez,6,2023,7126.95
317,Luis Torres,8,2023,13120.3
318,Pedro Martínez,3,2023,5936.7
8,Luis Silva,7,2021,8923.72
397,Sofía Castro,6,2022,20233.5
185,Antonio Ramírez,10,2023,34040.81
199,Manuel Mendoza,3,2022,16477.9
14,Lucía Díaz,4,2022,47439.33
241,Miguel Rivera,1,2021,47665.55
181,Juan Pérez,10,2022,29065.05
320,Marta Martínez,8,2022,31677.28
366,María López,4,2021,41095.39
150,María Gutierrez,11,2023,30362.5
288,Elena Rodríguez,5,2023,22454.76
71,María Castro,11,2021,30504.01
278,Pedro Ortiz,4,2023,14552.88
78,Lucía Mendoza,5,2021,41851.22
303,Jorge García,6,2021,42565.49
200,Manuel Morales,2,2023,20769.62
60,María Flores,2,2021,5087.05
399,Sofía Morales,2,2023,40298.47
368,Sofía Silva,1,2023,31998.34
150,María Gutierrez,12,2021,45364.85
339,Carlos Flores,11,2021,36928.75
376,Ana Cruz,8,2023,31666.73
339,Carlos Flores,1,2022,21412.69
287,Carlos Rivera,3,2023,42350.71
170,Antonio González,5,2023,5113.06
139,Lucía Castro,4,2023,34474.24
389,Rosa Castro,10,2021,28335.24
232,Francisco Ramírez,10,2021,8259.38
215,Marta Morales,1,2022,32869.94
307,Elena Morales,6,2022,29606.06
157,Raúl Martínez,4,2022,5400.48
208,Luis García,9,2023,47967.78
294,Marta Sánchez,10,2021,16432.62
334,Laura López,6,2023,10377.28
125,Manuel Castro,4,2021,15640.7
313,Laura Pérez,4,2021,11984.72
12,Pedro Morales,4,2022,30082.8
42,Juan García,3,2023,29513.7
36,Raúl Gutierrez,7,2023,46369.89
111,María Díaz,8,2022,22500.55
373,Luis Martínez,1,2021,20020.45
284,José Ortiz,5,2023,39490.69
393,Francisco Gómez,5,2023,43807.23
292,María Sánchez,3,2023,22478.12
176,José Morales,6,2021,19243.2
353,Miguel Martínez,2,2023,12391.24
116,Antonio Díaz,11,2021,38606.02
277,Francisco Torres,10,2022,8068.4
80,Rosa López,12,2023,44627.97
97,Raúl Díaz,6,2022,23514.87
23,Carmen Flores,12,2023,37201.09
102,Laura Flores,12,2022,24325.01
66,Marta Díaz,2,2021,41144.72
265,Juan Cruz,12,2023,19040.13
41,Manuel Rivera,9,2021,39537.04
289,Sofía Rivera,10,2021,47628.34
24,Ana González,11,2021,42354.14
92,Miguel López,11,2021,33455.48
249,Manuel Cruz,12,2021,40844.55
152,Laura González,3,2022,22764.47
36,Raúl Gutierrez,3,2023,42060.17
182,Lucía Morales,11,2021,47547.01
81,Elena Mendoza,9,2021,22132.17
115,Sofía Gutierrez,11,2022,7611.29
351,Pedro Torres,8,2021,28823.12
181,Juan Pérez,7,2022,39045.62
122,María Rivera,7,2021,39248.62
398,María Cruz,9,2023,23003.34
196,Rosa Mendoza,8,2023,24588.7
288,Elena Rodríguez,12,2022,22827.35
107,Elena Gómez,6,2021,43474.65
395,Raúl Morales,1,2023,6933.35
150,María Gutierrez,5,2023,26941.47
131,María Ortiz,12,2023,26814.43
305,Ana Rivera,1,2021,10469.78
188,Laura Rodríguez,1,2022,18224.87
273,María Ramírez,4,2021,34091.19
173,Juan Gutierrez,2,2023,46775.09
198,Carmen Castro,1,2021,49860.88
4,Lucía Rivera,2,2023,6098.76
340,Carlos Rodríguez,10,2022,43514.8
321,Antonio Sánchez,1,2022,14156.93
73,Jorge Díaz,9,2021,40789.71
42,Juan García,2,2022,42078.96
73,Jorge Díaz,11,2023,36577.41
59,José Sánchez,2,2022,48187.52
379,Juan Silva,3,2021,17233.36
220,Antonio Morales,2,2023,38313.64
40,Manuel Torres,9,2021,40903.52
95,Francisco Castro,9,2023,9421.89
36,Raúl Gutierrez,9,2021,38474.25
291,Carlos Pérez,11,2021,20472.06
44,Luis Castro,12,2022,21602.24
256,Luis Gómez,10,2021,31032.52
308,Juan Ortiz,2,2023,16482.04
304,Pedro Díaz,2,2023,9421.72
61,Marta Pérez,2,2022,19788.82
309,Miguel Díaz,12,2021,42508.45
383,Francisco Rodríguez,9,2022,29140.08
125,Manuel Castro,1,2022,43472.65
284,José Ortiz,2,2023,29742.3
3,Manuel Gómez,5,2021,13741.59
118,Antonio García,10,2022,49570.23
145,Laura Ortiz,6,2023,46954.05
338,Luis Cruz,2,2023,5197.83
206,Carmen Martínez,11,2021,6238.49
188,Laura Rodríguez,1,2021,33674.76
271,Laura Díaz,12,2022,18951.33
122,María Rivera,10,2021,47890.06
102,Laura Flores,11,2021,49233.45
312,Marta Gutierrez,11,2023,18633.79
294,Marta Sánchez,4,2023,41488.96
120,Marta Silva,1,2023,30857.69
198,Carmen Castro,11,2021,27210.87
350,José Ramírez,11,2023,48483.75
215,Marta Morales,1,2023,49178.81
66,Marta Díaz,7,2022,33915.52
200,Manuel Morales,11,2023,42246.18
59,José Sánchez,3,2023,17220.9
251,Lucía Cruz,10,2021,8830.5
334,Laura López,8,2021,33257.29
369,Francisco Flores,11,2023,47985.63
16,Pedro López,2,2022,48336.12
214,Carlos González,8,2021,30252.78
166,Antonio Mendoza,6,2022,23695.84
45,Luis Ortiz,6,2023,5911.16
314,Sofía García,5,2022,39438.46
381,Antonio Cruz,5,2022,37261.58
215,Marta Morales,11,2021,36089.88
68,Miguel García,3,2023,20342.71
282,Rosa Morales,5,2021,18854.85
201,Antonio Gutierrez,7,2021,18807.28
170,Antonio González,2,2022,27717.78
233,Lucía Ortiz,6,2022,25571.14
248,Marta Ramírez,8,2023,47962.1
179,Jorge Martínez,2,2021,29610.77
247,Carlos García,11,2023,33852.4
235,Marta Cruz,12,2023,7489.22
220,Antonio Morales,11,2022,15353.99
212,María Pérez,5,2023,5135.28
260,Pedro Castro,8,2022,15680.28
128,Juan Gómez,11,2021,18185.26
42,Juan García,12,2023,8569.2
80,Rosa López,2,2021,24621.06
184,Manuel Sánchez,1,2021,32295.8
282,Rosa Morales,8,2021,29992.72
189,Jorge Gómez,7,2022,12748.53
156,Miguel Pérez,11,2023,42408.74
389,Rosa Castro,8,2023,22485.14
186,Laura García,4,2021,17211.47
100,Raúl Flores,3,2022,28265.39
347,Carlos Gómez,10,2023,37380.99
385,Pedro Ramírez,10,2021,45711.71
374,Miguel Mendoza,8,2023,7058.76
326,Antonio López,3,2021,28892.13
78,Lucía Mendoza,5,2022,9606.67
52,Manuel Pérez,11,2022,28313.53
287,Carlos Rivera,5,2023,21922.05
314,Sofía García,6,2023,39383.32
208,Luis García,4,2022,41214.27
349,José Pérez,1,2022,29207.67
372,Sofía Gómez,12,2023,31399.53
256,Luis Gómez,12,2023,48888.6
311,Lucía Gómez,4,2022,31224.45
309,Miguel Díaz,5,2022,43592.93
95,Francisco Castro,3,2022,16311.58
119,Luis Rodríguez,8,2022,25002.99
111,María Díaz,1,2021,14832.98
347,Carlos Gómez,4,2023,20336.22
266,Miguel Torres,9,2023,9387.98
40,Manuel Torres,1,2022,40475.59
14,Lucía Díaz,8,2022,49124.69
95,Francisco Castro,8,2022,39128.24
247,Carlos García,5,2021,31272.33
135,José Díaz,8,2023,42673.77
296,Jorge Ramírez,7,2021,25079.14
325,Elena Silva,12,2022,12852.44
283,Rosa Torres,4,2023,26723.19
306,María Morales,3,2022,14725.05
226,Ana Rodríguez,1,2023,6956.81
133,Raúl Torres,2,2022,25522.0
15,José Rodríguez,3,2021,31448.36
197,Lucía Pérez,8,2021,9743.86
224,Manuel Díaz,12,2022,22209.81
90,Raúl Cruz,1,2021,5756.29
83,Pedro García,12,2022,10739.35
39,Manuel Gutierrez,3,2023,48861.87
218,Rosa Ramírez,11,2021,8196.38
393,Francisco Gómez,3,2022,37027.89
269,Laura Ramírez,7,2023,7706.11
44,Luis Castro,10,2022,15899.85
162,Carmen Mendoza,11,2021,43091.78
251,Lucía Cruz,7,2023,21927.2
206,Carmen Martínez,9,2021,28542.35
328,Jorge Rodríguez,2,2021,31540.47
373,Luis Martínez,9,2023,19028.17
16,Pedro López,11,2023,36121.27
210,Jorge Ortiz,1,2023,34489.57
82,Pedro Gutierrez,9,2023,7180.18
88,Antonio Silva,9,2022,47470.99
310,Rosa Gutierrez,2,2022,21585.56
145,Laura Ortiz,10,2021,46778.8
247,Carlos García,3,2021,40802.81
170,Antonio González,7,2021,13918.74
194,Antonio Rodríguez,1,2022,42300.39
62,Sofía Sánchez,10,2022,6955.67
304,Pedro Díaz,4,2023,24123.12
171,Pedro González,5,2022,6967.11
159,Antonio Rivera,9,2023,43623.53
108,Carmen Cruz,7,2021,32923.77
28,Rosa Ortiz,4,2021,15725.42
84,Luis Gutierrez,3,2023,34276.08
38,Laura Martínez,6,2023,16059.57
297,Luis Mendoza,5,2023,5793.32
253,Manuel Ortiz,2,2023,23644.36
217,Laura Gómez,5,2022,19461.77
233,Lucía Ortiz,6,2023,10202.13
299,Raúl Rodríguez,11,2021,37659.55
311,Lucía Gómez,7,2021,32912.12
193,Rosa Martínez,4,2022,26606.39
392,Lucía López,3,2023,40265.82
315,Francisco Sánchez,7,2023,33718.95
176,José Morales,10,2023,18757.17
346,Juan González,4,2023,49195.28
320,Marta Martínez,5,2022,14636.58
78,Lucía Mendoza,6,2022,40597.89
9,Manuel Rodríguez,12,2021,44389.41
64,Jorge Cruz,1,2022,6960.2
266,Miguel Torres,11,2022,40257.32
102,Laura Flores,7,2022,13308.96
100,Raúl Flores,1,2022,5905.01
239,Laura Sánchez,6,2023,8762.5
20,Luis Rivera,10,2023,27219.44
315,Francisco Sánchez,9,2023,26521.89
103,Laura Castro,2,2023,23824.67
243,Elena Torres,11,2023,19347.9
160,Raúl Ortiz,6,2023,15520.73
174,Antonio Ortiz,10,2021,7740.87
301,Elena González,6,2023,40189.64
252,Francisco Gutierrez,9,2023,29412.16
13,Marta González,8,2023,16700.7
236,Carlos Morales,11,2021,24598.14
270,Juan Rivera,11,2021,45888.6
397,Sofía Castro,4,2022,31140.29
115,Sofía Gutierrez,4,2022,40927.26
12,Pedro Morales,1,2022,24996.29
158,Ana Mendoza,7,2021,29590.87
164,Raúl Rivera,3,2023,41303.19
81,Elena Mendoza,10,2022,41832.08
165,Juan Rodríguez,3,2023,12578.11
174,Antonio Ortiz,12,2021,35558.25
302,Laura Rivera,5,2023,16032.52
400,Carlos López,10,2023,33441.84
211,José González,2,2022,48875.99
16,Pedro López,4,2023,29454.82
310,Rosa Gutierrez,6,2022,39562.23
145,Laura Ortiz,1,2021,10045.72
117,Ana Pérez,8,2023,48019.95
385,Pedro Ramírez,10,2023,46537.42
191,Juan Sánchez,4,2021,35320.89
85,José Rivera,10,2022,42561.01
368,Sofía Silva,9,2022,32494.22
222,Laura Cruz,4,2021,16185.21
337,Marta Torres,8,2021,16927.13
390,Jorge Rivera,12,2021,34532.54
56,Carlos Sánchez,1,2023,34755.69
86,Juan Castro,11,2021,22117.26
399,Sofía Morales,1,2023,23391.25
230,Francisco Díaz,2,2021,47891.61
180,Pedro Cruz,7,2021,9486.53
159,Antonio Rivera,6,2023,10840.14
124,Carmen Díaz,8,2022,14378.19
300,Elena Ortiz,2,2021,17525.23
217,Laura Gómez,4,2021,26350.55
102,Laura Flores,10,2021,32396.7
135,José Díaz,7,2023,22753.53
37,Ana Morales,12,2022,23535.94
39,Manuel Gutierrez,6,2023,44710.12
304,Pedro Díaz,12,2021,40094.56
264,Elena Rivera,3,2022,37708.66
195,Manuel Martínez,8,2021,8671.66
390,Jorge Rivera,3,2023,45772.22
145,Laura Ortiz,1,2022,34492.76
39,Manuel Gutierrez,5,2022,32216.37
352,Miguel Flores,6,2021,40466.53
109,Jorge Silva,5,2021,43577.99
122,María Rivera,7,2023,22028.5
386,Marta Castro,10,2023,43545.29
151,Carmen Ortiz,2,2021,43265.55
306,María Morales,6,2021,14127.05
229,Ana Castro,11,2021,27502.11
81,Elena Mendoza,1,2022,30956.98
88,Antonio Silva,3,2021,40467.33
69,Raúl Ramírez,11,2021,21692.4
206,Carmen Martínez,11,2022,33908.29
234,Antonio Torres,10,2021,20251.67
159,Antonio Rivera,1,2022,48879.7
147,Francisco Morales,11,2022,6439.2
69,Raúl Ramírez,1,2022,7467.0
313,Laura Pérez,5,2023,29105.93
348,Lucía González,8,2022,8560.56
293,Pedro Mendoza,10,2023,38875.7
361,Sofía López,1,2023,37583.08
28,Rosa Ortiz,2,2022,46452.15
92,Miguel López,9,2023,30526.68
43,Manuel Silva,7,2022,26039.43
289,Sofía Rivera,10,2022,47965.55
355,Miguel Ortiz,6,2022,14726.05
364,Jorge Mendoza,10,2021,34962.06
83,Pedro García,9,2022,12303.83
73,Jorge Díaz,3,2022,19536.52
383,Francisco Rodríguez,2,2022,29567.57
237,Jorge Flores,12,2023,37874.71
192,Raúl González,7,2022,45761.1
240,Carlos Torres,5,2021,42435.5
288,Elena Rodríguez,2,2021,46061.38
41,Manuel Rivera,3,2023,31087.53
208,Luis García,3,2021,47709.12
86,Juan Castro,12,2022,6515.03
70,Sofía Pérez,9,2023,13814.01
243,Elena Torres,10,2021,39714.24
249,Manuel Cruz,5,2023,33196.55
193,Rosa Martínez,12,2021,22003.69
199,Manuel Mendoza,5,2022,19254.03
204,Carlos Castro,4,2022,48125.46
144,Francisco González,5,2023,40094.15
312,Marta Gutierrez,9,2021,23793.86
221,Ana Díaz,10,2021,13847.4
48,José Cruz,11,2023,31257.8
68,Miguel García,3,2022,23594.8
109,Jorge Silva,8,2023,29599.42
117,Ana Pérez,4,2022,47596.61
14,Lucía Díaz,6,2022,10192.62
302,Laura Rivera,7,2023,13140.27
7,Rosa González,6,2021,25430.89
371,Carlos Gutierrez,6,2023,27186.72
235,Marta Cruz,2,2023,14285.38
195,Manuel Martínez,12,2023,48621.87
221,Ana Díaz,12,2021,36843.37
206,Carmen Martínez,9,2022,32823.51
49,Sofía Flores,2,2022,43927.29
98,Carlos Díaz,3,2022,11378.89
231,Miguel Morales,7,2023,22176.32
80,Rosa López,8,2021,25785.3
272,Rosa Flores,9,2023,17235.93
383,Francisco Rodríguez,9,2022,32205.0
369,Francisco Flores,8,2021,34860.66
298,Francisco Martínez,3,2022,30885.84
216,Elena Sánchez,11,2021,9849.63
295,Carmen Pérez,12,2022,39888.49
115,Sofía Gutierrez,9,2023,36301.03
318,Pedro Martínez,4,2021,34816.05
387,Sofía Cruz,1,2022,7999.68
292,María Sánchez,2,2021,17101.65
125,Manuel Castro,11,2023,20932.89
175,Rosa Cruz,4,2022,14957.08
168,Antonio Castro,7,2023,5700.38
392,Lucía López,3,2021,5429.08
228,Jorge González,3,2022,49208.05
56,Carlos Sánchez,12,2023,9435.34
227,Raúl Sánchez,6,2022,23888.45
155,Antonio Gómez,9,2021,19783.74
154,Laura Mendoza,3,2023,27209.97
334,Laura López,11,2021,40016.38
307,Elena Morales,12,2021,13998.58
26,Jorge López,10,2023,46284.28
136,Carmen Silva,6,2023,26307.46
200,Manuel Morales,1,2022,25944.92
40,Manuel Torres,4,2023,24460.33
380,Carlos Ortiz,12,2021,10208.88
287,Carlos Rivera,12,2022,39642.61
348,Lucía González,12,2022,45071.52
100,Raúl Flores,11,2023,24271.88
255,Luis Flores,7,2021,16389.13
225,Carlos Mendoza,1,2022,29490.64
264,Elena Rivera,8,2021,36688.67
96,Lucía Sánchez,6,2021,36605.94
76,Miguel Ramírez,7,2022,48440.43
232,Francisco Ramírez,9,2023,14852.2
296,Jorge Ramírez,1,2023,45031.05
33,Elena Martínez,1,2022,28169.69
110,Ana Gómez,3,2021,28513.16
358,Carmen Gómez,2,2021,43244.88
281,Juan Mendoza,4,2023,11860.75
96,Lucía Sánchez,2,2022,15971.03
25,Carmen Morales,7,2023,14864.52
3,Manuel Gómez,6,2022,39524.9
184,Manuel Sánchez,3,2023,30400.49
233,Lucía Ortiz,12,2023,10606.99
68,Miguel García,12,2021,13879.97
233,Lucía Ortiz,8,2021,39233.47
321,Antonio Sánchez,11,2021,40466.57
237,Jorge Flores,9,2023,32950.91
278,Pedro Ortiz,11,2023,17951.66
30,Sofía Rodríguez,12,2021,47395.22
43,Manuel Silva,9,2022,20718.79
230,Francisco Díaz,1,2023,8357.35
396,Rosa Gómez,8,2023,11304.88
80,Rosa López,1,2022,40288.72
32,Juan Ramírez,1,2021,22143.87
390,Jorge Rivera,11,2021,44615.63
300,Elena Ortiz,2,2023,15871.8
144,Francisco González,10,2021,26917.3
205,Antonio Flores,8,2022,35013.72
292,María Sánchez,3,2022,6180.94
353,Miguel Martínez,3,2023,49682.02
284,José Ortiz,8,2021,49435.84
377,Ana Gutierrez,11,2023,41089.5
55,Ana Torres,12,2021,18305.31
85,José Rivera,1,2021,13609.09
93,Pedro Rivera,11,2022,13695.27
51,Carmen Rivera,7,2022,34008.35
125,Manuel Castro,2,2021,43060.23
277,Francisco Torres,7,2021,5213.61
82,Pedro Gutierrez,12,2021,46809.37
321,Antonio Sánchez,4,2022,10579.51
326,Antonio López,11,2022,12833.6
141,Rosa Sánchez,1,2021,36325.81
133,Raúl Torres,10,2022,35506.75
184,Manuel Sánchez,11,2022,24984.04
183,Luis Pérez,6,2021,32967.3
196,Rosa Mendoza,4,2022,16307.22
153,Elena Ramírez,2,2022,20664.64
331,Jorge Torres,4,2021,43130.67
145,Laura Ortiz,12,2022,35175.61
244,José Torres,9,2021,35819.23
95,Francisco Castro,3,2022,29490.29
199,Manuel Mendoza,1,2023,5991.21
257,Antonio Pérez,8,2022,13235.34
53,Rosa García,1,2022,22511.04
214,Carlos González,8,2022,33811.65
249,Manuel Cruz,6,2021,43888.33
9,Manuel Rodríguez,9,2022,23008.25
383,Francisco Rodríguez,11,2022,49104.16
75,Juan Flores,7,2023,46842.2
26,Jorge López,5,2023,35075.1
132,Jorge Morales,7,2022,38687.48
71,María Castro,2,2023,46667.94
236,Carlos Morales,11,2021,29199.59
221,Ana Díaz,1,2021,11898.18
75,Juan Flores,8,2021,11893.88
365,Marta Rivera,6,2021,38639.54
308,Juan Ortiz,5,2021,11924.43
213,María García,12,2023,32460.55
122,María Rivera,3,2023,34847.45
171,Pedro González,3,2022,25664.22
130,Ana Ortiz,3,2021,24516.34
3,Manuel Gómez,7,2023,20081.41
281,Juan Mendoza,9,2022,13889.82
249,Manuel Cruz,4,2023,40892.36
223,María Mendoza,9,2023,29166.48
100,Raúl Flores,12,2023,37787.31
329,Sofía Mendoza,5,2021,35269.22
154,Laura Mendoza,4,2023,41290.49
365,Marta Rivera,10,2021,30623.5
103,Laura Castro,12,2023,13451.25
43,Manuel Silva,1,2023,19358.83
22,Miguel Castro,2,2022,28236.49
287,Carlos Rivera,9,2023,35634.6
287,Carlos Rivera,5,2023,22196.7
394,Sofía Ramírez,2,2022,37323.46
143,Carlos Ramírez,4,2023,22833.52
217,Laura Gómez,3,2021,35568.51
32,Juan Ramírez,11,2021,15873.94
316,Ana Silva,9,2021,18166.71
178,Carmen Rodríguez,3,2023,23331.52
163,Manuel García,6,2021,28553.29
238,Ana García,4,2021,47169.1
260,Pedro Castro,11,2022,32192.34
234,Antonio Torres,12,2021,37299.04
85,José Rivera,6,2023,49327.05
45,Luis Ortiz,5,2022,37092.7
17,Sofía Torres,1,2021,27893.68
32,Juan Ramírez,4,2022,45900.43
258,Francisco Mendoza,5,2023,31872.6
99,Marta Mendoza,10,2022,15359.34
208,Luis García,2,2021,20974.62
110,Ana Gómez,3,2021,14406.46
339,Carlos Flores,9,2023,44479.59
230,Francisco Díaz,12,2023,46891.13
287,Carlos Rivera,5,2022,15533.23
259,Miguel Rodríguez,10,2023,29938.28
205,Antonio Flores,9,2022,48636.65
226,Ana Rodríguez,2,2021,20191.85
225,Carlos Mendoza,11,2023,29599.79
367,Luis López,4,2023,8560.35
56,Carlos Sánchez,9,2023,34839.65
379,Juan Silva,5,2023,35991.96
37,Ana Morales,10,2021,18159.56
33,Elena Martínez,7,2021,5197.71
237,Jorge Flores,4,2022,12234.52
150,María Gutierrez,8,2022,27692.02
20,Luis Rivera,7,2022,28397.1
242,Raúl López,10,2023,29559.7
328,Jorge Rodríguez,12,2023,17239.59
97,Raúl Díaz,9,2023,14546.0
387,Sofía Cruz,10,2022,13360.88
87,Marta López,12,2021,12994.43
372,Sofía Gómez,10,2022,11973.35
273,María Ramírez,5,2022,22955.47
193,Rosa Martínez,9,2022,40996.0
116,Antonio Díaz,1,2022,41021.66
235,Marta Cruz,8,2021,35810.29
389,Rosa Castro,8,2022,33068.97
255,Luis Flores,2,2023,32700.27
363,Ana Ramírez,5,2021,16930.28
216,Elena Sánchez,12,2022,43181.74
20,Luis Rivera,6,2022,32583.11
381,Antonio Cruz,7,2023,49134.91
126,José Silva,9,2023,35990.08
255,Luis Flores,5,2023,32016.5
341,Sofía Ortiz,7,2023,25387.52
319,Manuel Flores,2,2021,42901.45
322,Lucía Flores,3,2022,44323.95
171,Pedro González,3,2022,42748.02
129,Miguel Sánchez,9,2022,48826.38
289,Sofía Rivera,10,2023,8757.49
135,José Díaz,2,2022,26063.87
337,Marta Torres,6,2021,31894.93
105,Lucía Silva,3,2023,25458.21
29,Elena Flores,3,2022,40098.69
260,Pedro Castro,12,2021,27194.12
18,Ana Flores,4,2022,40812.42
330,Pedro Sánchez,4,2022,45195.94
246,Juan Morales,1,2023,10458.69
30,Sofía Rodríguez,3,2021,42636.34
78,Lucía Mendoza,5,2022,26823.8
163,Manuel García,7,2021,25651.19
157,Raúl Martínez,3,2023,48428.74
307,Elena Morales,7,2021,11431.9
211,José González,8,2023,5848.71
372,Sofía Gómez,6,2022,42479.63
236,Carlos Morales,4,2021,41461.99
185,Antonio Ramírez,12,2021,16077.96
382,Rosa Rodríguez,10,2021,8034.36
351,Pedro Torres,8,2023,32404.82
222,Laura Cruz,2,2022,42334.52
190,Lucía Rodríguez,9,2023,36695.03
61,Marta Pérez,1,2022,44689.57
193,Rosa Martínez,4,2023,20175.81
189,Jorge Gómez,8,2021,25931.45
292,María Sánchez,12,2022,45828.49
317,Luis Torres,7,2023,8064.47
36,Raúl Gutierrez,9,2022,29633.42
142,Juan Torres,12,2023,18466.92
33,Elena Martínez,8,2021,35908.6
317,Luis Torres,4,2023,35643.55
235,Marta Cruz,10,2023,14831.09
10,Carmen Gutierrez,4,2021,35202.42
70,Sofía Pérez,1,2023,34939.99
79,José Castro,5,2021,42010.97
176,José Morales,2,2021,18130.08
27,Elena Castro,4,2022,15663.99
73,Jorge Díaz,4,2021,48932.27
164,Raúl Rivera,4,2023,47521.39
306,María Morales,4,2023,16459.54
74,Carmen Torres,1,2021,48088.42
396,Rosa Gómez,10,2022,21300.45
311,Lucía Gómez,9,2023,47419.76
81,Elena Mendoza,11,2023,24153.36
142,Juan Torres,4,2022,26111.25
362,José García,10,2021,44793.7
182,Lucía Morales,5,2022,26801.25
145,Laura Ortiz,8,2022,32928.39
395,Raúl Morales,8,2021,22302.53
241,Miguel Rivera,2,2021,34450.97
140,Antonio Martínez,3,2022,47074.33
28,Rosa Ortiz,6,2022,5943.2
381,Antonio Cruz,5,2022,43963.21
375,Elena Díaz,6,2021,37687.86
270,Juan Rivera,12,2023,42229.07
175,Rosa Cruz,12,2023,31488.94
145,Laura Ortiz,9,2022,37110.45
255,Luis Flores,8,2021,23176.52
362,José García,12,2022,26106.39
8,Luis Silva,3,2022,37488.74
41,Manuel Rivera,1,2022,36102.53
320,Marta Martínez,3,2022,44115.49
369,Francisco Flores,7,2023,13278.51
257,Antonio Pérez,10,2021,38306.89
388,Pedro Rodríguez,5,2021,9942.73
175,Rosa Cruz,2,2023,39162.29
155,Antonio Gómez,5,2021,31865.51
206,Carmen Martínez,7,2023,15641.69
246,Juan Morales,6,2021,6719.51
140,Antonio Martínez,1,2021,7634.84
283,Rosa Torres,4,2021,42224.38
310,Rosa Gutierrez,11,2021,49919.23
244,José Torres,5,2022,22188.51
283,Rosa Torres,12,2021,14269.91
28,Rosa Ortiz,4,2023,35642.51
188,Laura Rodríguez,7,2022,7482.35
89,Pedro Flores,10,2022,9676.69
234,Antonio Torres,4,2022,11057.15
284,José Ortiz,1,2023,7468.51
369,Francisco Flores,8,2023,47118.96
81,Elena Mendoza,5,2022,23556.3
66,Marta Díaz,1,2021,46570.01
333,Carlos Cruz,9,2023,25528.43
201,Antonio Gutierrez,4,2021,11684.49
396,Rosa Gómez,1,2021,39941.69
144,Francisco González,9,2023,12172.95
190,Lucía Rodríguez,9,2021,25679.99
339,Carlos Flores,1,2022,29798.03
298,Francisco Martínez,2,2023,27640.67
7,Rosa González,1,2021,34436.56
266,Miguel Torres,5,2023,20202.15
195,Manuel Martínez,11,2021,40099.55
125,Manuel Castro,1,2022,41237.65
364,Jorge Mendoza,4,2021,42775.79
373,Luis Martínez,6,2023,48878.45
127,Pedro Gómez,2,2023,22046.2
68,Miguel García,2,2022,32021.44
175,Rosa Cruz,7,2022,33136.05
354,Raúl Pérez,8,2021,40125.07
181,Juan Pérez,10,2021,46837.57
221,Ana Díaz,1,2023,41624.0
349,José Pérez,4,2022,31979.67
58,Francisco García,1,2021,48515.24
116,Antonio Díaz,10,2021,34193.72
303,Jorge García,10,2023,11221.29
154,Laura Mendoza,6,2023,20275.82
66,Marta Díaz,8,2023,24702.74
197,Lucía Pérez,2,2022,17150.63
81,Elena Mendoza,4,2022,13711.41
344,María González,12,2022,37320.83
64,Jorge Cruz,9,2022,31491.39
395,Raúl Morales,10,2022,22937.41
377,Ana Gutierrez,3,2023,27951.39
137,Francisco López,9,2023,20314.12
363,Ana Ramírez,11,2023,48755.76
290,Rosa Díaz,6,2021,24430.47
34,María Silva,6,2023,22890.13
293,Pedro Mendoza,12,2023,31946.42
250,Carlos Martínez,8,2023,46491.86
250,Carlos Martínez,2,2022,49113.83
107,Elena Gómez,12,2021,41946.14
2,Jorge Sánchez,10,2023,45597.27
219,Luis Ramírez,11,2023,11570.57
364,Jorge Mendoza,6,2023,6814.08
382,Rosa Rodríguez,7,2023,42419.23
195,Manuel Martínez,3,2022,46579.75
48,José Cruz,4,2021,49154.34
226,Ana Rodríguez,8,2021,27752.19
341,Sofía Ortiz,1,2023,25812.32
66,Marta Díaz,10,2022,40360.66
218,Rosa Ramírez,8,2023,28717.02
243,Elena Torres,8,2021,36735.11
266,Miguel Torres,1,2021,42025.54
399,Sofía Morales,8,2023,16472.78
351,Pedro Torres,12,2021,48320.15
95,Francisco Castro,6,2021,20410.94
206,Carmen Martínez,4,2022,13210.71
277,Francisco Torres,7,2023,21525.05
147,Francisco Morales,4,2021,7591.71
53,Rosa García,8,2022,16994.33
64,Jorge Cruz,4,2021,35414.96
81,Elena Mendoza,11,2021,22777.36
121,Carmen García,12,2021,17148.0
382,Rosa Rodríguez,10,2023,5737.61
284,José Ortiz,4,2023,26465.26
189,Jorge Gómez,4,2023,41556.99
308,Juan Ortiz,7,2023,6059.96
286,Lucía Torres,4,2022,6441.36
197,Lucía Pérez,3,2023,38333.78
258,Francisco Mendoza,8,2023,13909.51
361,Sofía López,8,2023,29654.71
124,Carmen Díaz,4,2021,47429.01
112,Miguel Gutierrez,4,2022,44467.07
35,Raúl Gómez,2,2023,20915.2
216,Elena Sánchez,1,2021,34781.76
232,Francisco Ramírez,6,2023,44434.97
110,Ana Gómez,9,2023,27928.54
51,Carmen Rivera,4,2022,21658.16
308,Juan Ortiz,4,2022,46383.71
315,Francisco Sánchez,1,2023,38430.8
276,Jorge Gutierrez,10,2023,21371.89
299,Raúl Rodríguez,9,2023,39495.48
191,Juan Sánchez,7,2023,40897.72
173,Juan Gutierrez,9,2023,29373.38
340,Carlos Rodríguez,9,2022,36492.9
276,Jorge Gutierrez,8,2022,14895.35
238,Ana García,12,2023,41584.62
273,María Ramírez,5,2023,31151.93
307,Elena Morales,8,2021,14379.13
392,Lucía López,10,2023,44755.12
117,Ana Pérez,12,2023,22232.56
344,María González,10,2023,34300.06
329,Sofía Mendoza,8,2023,48356.43
271,Laura Díaz,7,2022,14350.23
155,Antonio Gómez,10,2023,32732.82
39,Manuel Gutierrez,11,2021,21285.57
313,Laura Pérez,2,2021,39497.66
46,Miguel González,9,2021,21101.88
272,Rosa Flores,12,2023,49300.98
183,Luis Pérez,6,2021,12195.21
139,Lucía Castro,12,2023,43666.41
321,Antonio Sánchez,12,2022,34182.3
232,Francisco Ramírez,9,2023,29283.72
170,Antonio González,4,2023,21434.1
331,Jorge Torres,6,2021,9534.82
129,Miguel Sánchez,5,2022,36214.2
207,Laura Gutierrez,8,2022,33768.01
300,Elena Ortiz,5,2022,13657.94
237,Jorge Flores,4,2021,33941.7
72,Marta Gómez,10,2022,48502.11
305,Ana Rivera,7,2023,42062.22
292,María Sánchez,5,2023,42111.58
263,Elena Gutierrez,6,2021,29926.04
219,Luis Ramírez,11,2023,26167.68
332,Luis Sánchez,2,2023,39488.97
360,Carlos Silva,4,2023,8366.02
67,Francisco Ortiz,10,2023,33374.67
173,Juan Gutierrez,11,2023,33791.28
56,Carlos Sánchez,10,2023,17064.6
284,José Ortiz,2,2021,37249.54
126,José Silva,10,2021,43974.21
74,Carmen Torres,12,2023,12138.11
150,María Gutierrez,4,2021,35176.51
240,Carlos Torres,10,2022,25744.27
298,Francisco Martínez,9,2023,23733.47
39,Manuel Gutierrez,11,2023,32590.49
261,Elena López,2,2022,33236.22
74,Carmen Torres,7,2022,8465.69
396,Rosa Gómez,7,2021,45593.81
229,Ana Castro,4,2022,20628.1
73,Jorge Díaz,9,2022,5843.67
330,Pedro Sánchez,1,2023,32154.55
140,Antonio Martínez,5,2022,13424.42
225,Carlos Mendoza,6,2022,49502.64
61,Marta Pérez,4,2022,17178.68
133,Raúl Torres,10,2021,43804.93
18,Ana Flores,9,2021,31931.84
42,Juan García,3,2022,40386.17
375,Elena Díaz,3,2021,46285.04
234,Antonio Torres,6,2021,41597.71
207,Laura Gutierrez,3,2022,21303.8
101,Laura Torres,4,2021,35698.21
112,Miguel Gutierrez,11,2021,36968.24
86,Juan Castro,2,2022,16472.3
55,Ana Torres,3,2022,39909.82
26,Jorge López,3,2021,39026.75
204,Carlos Castro,12,2022,32978.45
376,Ana Cruz,5,2023,44930.41
263,Elena Gutierrez,9,2022,48299.32
334,Laura López,6,2021,12361.64
120,Marta Silva,3,2022,44141.33
360,Carlos Silva,12,2022,29582.22
228,Jorge González,5,2022,7970.19
211,José González,9,2021,41852.15
9,Manuel Rodríguez,6,2021,5295.97
321,Antonio Sánchez,8,2023,33823.68
158,Ana Mendoza,5,2021,25430.56
185,Antonio Ramírez,9,2023,35627.79
172,Rosa Silva,3,2021,38990.95
55,Ana Torres,2,2021,15692.78
17,Sofía Torres,3,2023,43012.56
237,Jorge Flores,3,2022,26406.63
288,Elena Rodríguez,7,2021,10437.01
221,Ana Díaz,4,2021,40635.31
325,Elena Silva,12,2022,47369.14
216,Elena Sánchez,5,2023,10174.89
270,Juan Rivera,12,2023,17603.68
257,Antonio Pérez,9,2022,10377.2
370,Ana Sánchez,8,2023,12985.92
95,Francisco Castro,12,2022,21118.36
20,Luis Rivera,11,2021,21751.96
275,Laura Morales,4,2023,34319.22
199,Manuel Mendoza,8,2022,26983.95
329,Sofía Mendoza,1,2021,38165.46
38,Laura Martínez,1,2022,21468.26
113,Elena Cruz,10,2023,11412.99
84,Luis Gutierrez,4,2023,27829.62
51,Carmen Rivera,9,2023,29283.11
364,Jorge Mendoza,7,2021,47977.9
163,Manuel García,8,2021,27614.31
263,Elena Gutierrez,4,2023,11039.81
221,Ana Díaz,11,2022,18199.38
247,Carlos García,6,2021,46364.76
239,Laura Sánchez,11,2023,14545.33
250,Carlos Martínez,5,2022,15837.04
293,Pedro Mendoza,2,2023,6391.63
151,Carmen Ortiz,11,2023,37940.48
292,María Sánchez,11,2021,15002.6
205,Antonio Flores,4,2023,8676.75
53,Rosa García,9,2021,9364.21
234,Antonio Torres,7,2021,27806.7
294,Marta Sánchez,11,2021,6350.72
52,Manuel Pérez,9,2023,46812.81
188,Laura Rodríguez,11,2021,5719.42
292,María Sánchez,11,2021,18549.1
143,Carlos Ramírez,10,2023,19508.09
111,María Díaz,12,2023,21900.61
17,Sofía Torres,1,2022,20713.69
113,Elena Cruz,2,2021,43053.36
40,Manuel Torres,6,2023,49747.48
17,Sofía Torres,7,2023,10187.14
59,José Sánchez,8,2023,39488.3
378,Juan Díaz,3,2022,32946.61
235,Marta Cruz,2,2023,46505.28
127,Pedro Gómez,12,2023,27795.68
297,Luis Mendoza,7,2021,13076.84
370,Ana Sánchez,12,2021,45788.11
400,Carlos López,11,2023,47323.12
331,Jorge Torres,2,2023,26816.85
162,Carmen Mendoza,8,2022,10729.18
225,Carlos Mendoza,7,2022,35250.47
334,Laura López,9,2023,43713.03
131,María Ortiz,3,2022,32571.51
337,Marta Torres,7,2023,46247.2
126,José Silva,6,2023,25207.6
154,Laura Mendoza,7,2023,46133.87
54,Juan Martínez,9,2021,46184.57
368,Sofía Silva,10,2022,46794.97
163,Manuel García,11,2023,8416.83
354,Raúl Pérez,3,2022,5037.57
58,Francisco García,8,2021,31800.76
389,Rosa Castro,4,2023,44325.91
189,Jorge Gómez,8,2023,25393.73
364,Jorge Mendoza,12,2023,49965.52
30,Sofía Rodríguez,3,2021,39259.45
209,Pedro Silva,12,2021,42706.1
286,Lucía Torres,7,2023,29210.49
61,Marta Pérez,7,2021,10865.11
93,Pedro Rivera,10,2021,34293.31
156,Miguel Pérez,1,2023,38116.98
13,Marta González,2,2021,35643.97
79,José Castro,9,2023,40163.77
277,Francisco Torres,11,2022,26405.32
153,Elena Ramírez,12,2021,11506.38
95,Francisco Castro,6,2022,43147.62
230,Francisco Díaz,1,2022,12345.03
224,Manuel Díaz,3,2023,42992.62
188,Laura Rodríguez,3,2023,46535.55
260,Pedro Castro,7,2023,38086.99
305,Ana Rivera,10,2021,21204.16
359,Rosa Rivera,3,2021,21824.83
243,Elena Torres,3,2022,28475.84
330,Pedro Sánchez,5,2023,14362.11
12,Pedro Morales,7,2021,47030.89
242,Raúl López,3,2021,18925.74
152,Laura González,5,2023,38249.52
177,Ana Martínez,3,2022,25896.7
262,Marta Rodríguez,5,2021,10310.06
254,José Gutierrez,5,2022,31219.35
333,Carlos Cruz,9,2021,6588.55
329,Sofía Mendoza,1,2022,35033.46
395,Raúl Morales,5,2022,45950.86
217,Laura Gómez,1,2021,31167.47
230,Francisco Díaz,7,2021,16011.09
277,Francisco Torres,12,2023,41519.76
252,Francisco Gutierrez,7,2022,23955.32
15,José Rodríguez,1,2022,23850.18
133,Raúl Torres,9,2021,27081.94
151,Carmen Ortiz,6,2023,49695.4
119,Luis Rodríguez,8,2021,39966.31
145,Laura Ortiz,3,2023,25627.86
346,Juan González,4,2022,32239.67
113,Elena Cruz,10,2021,15196.38
382,Rosa Rodríguez,12,2023,12957.51
63,Sofía Díaz,10,2023,18194.45
271,Laura Díaz,1,2022,13380.33
123,Miguel Cruz,6,2021,46893.83
51,Carmen Rivera,8,2022,9115.43
147,Francisco Morales,12,2023,8071.68
305,Ana Rivera,12,2022,7258.09
361,Sofía López,12,2023,46952.85
377,Ana Gutierrez,1,2023,34351.21
338,Luis Cruz,10,2022,44022.3
81,Elena Mendoza,6,2021,19073.72
139,Lucía Castro,9,2021,7376.86
245,Luis Morales,3,2021,36557.15
80,Rosa López,3,2022,11786.75
271,Laura Díaz,3,2023,27608.18
208,Luis García,8,2021,35348.33
331,Jorge Torres,7,2021,47414.11
246,Juan Morales,10,2022,6093.51
55,Ana Torres,12,2022,31219.2
282,Rosa Morales,7,2022,34155.15
146,Lucía Gutierrez,11,2021,39596.83
244,José Torres,11,2022,16693.4
272,Rosa Flores,5,2022,16766.29
342,María Martínez,7,2023,32527.42
169,Francisco Rivera,8,2022,32159.02
229,Ana Castro,4,2022,21310.81
42,Juan García,4,2023,35883.89
376,Ana Cruz,2,2022,40190.67
19,Marta Flores,3,2021,35007.89
102,Laura Flores,10,2023,46352.29
126,José Silva,12,2023,11985.53
243,Elena Torres,9,2021,10625.18
347,Carlos Gómez,1,2021,15483.69
170,Antonio González,10,2023,38049.21
60,María Flores,2,2022,40550.01
313,Laura Pérez,11,2021,29203.87
52,Manuel Pérez,5,2021,6076.81
315,Francisco Sánchez,5,2022,48134.36
191,Juan Sánchez,1,2023,32601.38
322,Lucía Flores,7,2021,46762.56
19,Marta Flores,5,2023,31056.04
257,Antonio Pérez,5,2021,12497.67
345,Elena Pérez,11,2022,11755.17
119,Luis Rodríguez,9,2021,44553.0
279,Luis Díaz,9,2023,14068.49
313,Laura Pérez,12,2023,48185.22
44,Luis Castro,3,2022,31860.56
166,Antonio Mendoza,3,2021,48070.48
240,Carlos Torres,4,2022,21174.99
392,Lucía López,7,2022,5533.2
270,Juan Rivera,9,2023,5637.34
11,Francisco Silva,10,2022,8990.32
9,Manuel Rodríguez,12,2022,17754.14
252,Francisco Gutierrez,4,2021,22827.44
252,Francisco Gutierrez,8,2022,45821.49
392,Lucía López,10,2021,47513.26
272,Rosa Flores,1,2021,46288.87
47,Manuel Ramírez,12,2021,6765.17
178,Carmen Rodríguez,2,2022,14599.38
284,José Ortiz,5,2023,40715.02
85,José Rivera,6,2023,31211.28
82,Pedro Gutierrez,10,2023,34854.57
309,Miguel Díaz,7,2023,38105.55
279,Luis Díaz,8,2023,24114.4
119,Luis Rodríguez,5,2021,29005.95
220,Antonio Morales,11,2022,6316.72
88,Antonio Silva,3,2021,18432.61
190,Lucía Rodríguez,2,2021,16720.27
246,Juan Morales,3,2021,25044.94
97,Raúl Díaz,5,2022,19531.52
8,Luis Silva,8,2022,27369.99
188,Laura Rodríguez,6,2021,31803.02
283,Rosa Torres,11,2022,24578.86
188,Laura Rodríguez,5,2023,20809.35
13,Marta González,1,2022,32445.93
277,Francisco Torres,3,2021,40798.41
133,Raúl Torres,11,2022,32726.87
184,Manuel Sánchez,4,2023,29817.1
99,Marta Mendoza,6,2023,43127.75
256,Luis Gómez,7,2022,40824.98
128,Juan Gómez,5,2021,32355.55
295,Carmen Pérez,9,2022,31799.38
113,Elena Cruz,1,2021,26937.22
69,Raúl Ramírez,7,2023,28324.47
21,Juan López,8,2023,25430.61
122,María Rivera,10,2021,16729.21
242,Raúl López,11,2021,30792.56
222,Laura Cruz,9,2021,14826.21
367,Luis López,7,2021,14165.54
339,Carlos Flores,10,2023,42117.18
32,Juan Ramírez,8,2023,11116.57
389,Rosa Castro,11,2023,8859.59
286,Lucía Torres,10,2021,5167.53
286,Lucía Torres,7,2022,36503.64
400,Carlos López,5,2021,8343.38
263,Elena Gutierrez,4,2023,19329.14
340,Carlos Rodríguez,8,2021,6724.54
159,Antonio Rivera,9,2022,16165.59
133,Raúl Torres,1,2022,37966.18
226,Ana Rodríguez,2,2021,44874.32
217,Laura Gómez,7,2023,40441.04
86,Juan Castro,5,2023,8074.43
204,Carlos Castro,3,2021,12268.06
389,Rosa Castro,9,2021,33837.16
159,Antonio Rivera,1,2023,27961.7
264,Elena Rivera,3,2021,39009.72
295,Carmen Pérez,3,2023,8349.36
314,Sofía García,8,2022,42529.13
121,Carmen García,1,2022,14430.39
183,Luis Pérez,3,2022,25078.23
378,Juan Díaz,3,2021,7141.27
8,Luis Silva,4,2022,29276.44
235,Marta Cruz,12,2023,32231.14
36,Raúl Gutierrez,3,2022,13025.86
164,Raúl Rivera,12,2023,12066.37
311,Lucía Gómez,5,2023,43271.07
184,Manuel Sánchez,8,2021,21707.63
379,Juan Silva,6,2022,39100.59
335,Elena García,7,2022,28205.7
7,Rosa González,11,2023,30736.25
173,Juan Gutierrez,7,2023,16976.17
331,Jorge Torres,8,2023,43987.09
1,José Mendoza,7,2021,30585.92
129,Miguel Sánchez,5,2022,14303.87
192,Raúl González,8,2021,47206.8
137,Francisco López,2,2022,17810.93
229,Ana Castro,11,2021,39613.09
51,Carmen Rivera,9,2023,13288.22
261,Elena López,8,2022,22394.94
19,Marta Flores,5,2021,28454.17
116,Antonio Díaz,11,2021,42555.05
58,Francisco García,7,2023,39431.33
360,Carlos Silva,5,2021,41998.07
141,Rosa Sánchez,9,2023,29733.24
298,Francisco Martínez,3,2023,46215.39
119,Luis Rodríguez,7,2023,36459.29
31,Pedro Pérez,1,2021,24913.12
46,Miguel González,6,2023,36072.32
118,Antonio García,7,2023,39922.51
295,Carmen Pérez,2,2022,16954.27
146,Lucía Gutierrez,2,2021,49930.4
12,Pedro Morales,7,2021,29313.03
202,Carmen González,7,2023,40246.15
302,Laura Rivera,3,2021,47167.81
288,Elena Rodríguez,10,2022,6443.86
242,Raúl López,10,2023,10697.16
81,Elena Mendoza,8,2023,41103.79
249,Manuel Cruz,8,2021,46139.07
387,Sofía Cruz,11,2022,32844.58
94,Francisco Cruz,6,2021,11885.04
151,Carmen Ortiz,7,2021,15310.67
73,Jorge Díaz,8,2022,7132.41
209,Pedro Silva,2,2022,37958.25
177,Ana Martínez,9,2021,28354.2
54,Juan Martínez,3,2023,28881.84
1,José Mendoza,6,2022,10716.66
16,Pedro López,9,2021,36713.08
283,Rosa Torres,4,2022,41185.84
65,María Gómez,4,2021,14094.56
186,Laura García,5,2023,45297.29
123,Miguel Cruz,4,2023,32910.91
132,Jorge Morales,11,2022,40025.46
235,Marta Cruz,4,2022,18443.64
100,Raúl Flores,1,2021,46066.78
302,Laura Rivera,3,2023,16736.83
276,Jorge Gutierrez,5,2023,28641.81
134,Sofía González,6,2023,29759.02
249,Manuel Cruz,1,2021,7255.46
373,Luis Martínez,6,2022,15618.41
180,Pedro Cruz,2,2023,7965.75
45,Luis Ortiz,11,2022,41156.41
239,Laura Sánchez,3,2021,31303.79
164,Raúl Rivera,6,2021,15982.11
320,Marta Martínez,7,2023,41450.04
223,María Mendoza,5,2023,12636.69
83,Pedro García,6,2022,44341.54
204,Carlos Castro,6,2022,9915.44
213,María García,4,2022,45237.61
383,Francisco Rodríguez,1,2023,14282.49
5,Raúl Silva,6,2022,8616.18
214,Carlos González,11,2022,23047.69
39,Manuel Gutierrez,12,2022,12123.39
148,Marta Ortiz,9,2022,26112.5
199,Manuel Mendoza,1,2023,16458.27
172,Rosa Silva,2,2022,10931.07
148,Marta Ortiz,2,2021,13509.31
334,Laura López,12,2022,36140.29
292,María Sánchez,11,2021,34405.85
359,Rosa Rivera,12,2021,39366.4
60,María Flores,10,2022,28463.97
116,Antonio Díaz,1,2023,21898.88
89,Pedro Flores,2,2021,28131.51
181,Juan Pérez,1,2023,44345.34
153,Elena Ramírez,3,2023,8869.92
190,Lucía Rodríguez,6,2023,8273.83
295,Carmen Pérez,12,2021,49506.94
177,Ana Martínez,6,2021,35525.43
259,Miguel Rodríguez,2,2022,27119.88
313,Laura Pérez,9,2022,19014.17
189,Jorge Gómez,8,2023,47677.73
351,Pedro Torres,3,2021,12469.07
204,Carlos Castro,8,2023,17863.69
151,Carmen Ortiz,3,2021,36167.9
249,Manuel Cruz,12,2021,5952.52
166,Antonio Mendoza,2,2021,41515.67
13,Marta González,1,2023,29418.36
182,Lucía Morales,3,2022,5911.48
350,José Ramírez,2,2022,36719.81
349,José Pérez,1,2023,15029.89
254,José Gutierrez,5,2022,19413.94
66,Marta Díaz,3,2023,11435.47
47,Manuel Ramírez,4,2021,10348.64
38,Laura Martínez,12,2022,45947.57
181,Juan Pérez,8,2022,12226.46
297,Luis Mendoza,2,2023,42700.15
400,Carlos López,12,2023,21260.0
9,Manuel Rodríguez,9,2022,22408.09
229,Ana Castro,8,2022,9193.01
253,Manuel Ortiz,8,2023,28370.84
347,Carlos Gómez,4,2022,48439.82
3,Manuel Gómez,10,2021,15570.83
375,Elena Díaz,4,2023,33132.12
201,Antonio Gutierrez,11,2021,44237.65
277,Francisco Torres,4,2021,8468.01
184,Manuel Sánchez,3,2021,22178.52
302,Laura Rivera,6,2021,7499.99
64,Jorge Cruz,2,2023,34943.38
53,Rosa García,1,2022,33988.71
227,Raúl Sánchez,1,2021,41884.67
199,Manuel Mendoza,8,2023,16181.29
66,Marta Díaz,11,2022,36087.45
383,Francisco Rodríguez,6,2023,44042.55
392,Lucía López,1,2021,5949.53
191,Juan Sánchez,5,2021,29780.7
74,Carmen Torres,12,2023,43411.63
1,José Mendoza,2,2022,17742.1
47,Manuel Ramírez,9,2022,34570.72
130,Ana Ortiz,9,2021,28709.48
283,Rosa Torres,12,2021,43116.4
310,Rosa Gutierrez,1,2021,29880.36
290,Rosa Díaz,11,2022,21380.54
80,Rosa López,4,2021,45047.34
155,Antonio Gómez,12,2022,19887.66
92,Miguel López,8,2022,10560.62
242,Raúl López,5,2023,47878.96
37,Ana Morales,12,2021,16365.93
75,Juan Flores,9,2021,22289.22
156,Miguel Pérez,2,2023,27595.93
303,Jorge García,11,2023,29344.17
88,Antonio Silva,2,2021,34702.77
118,Antonio García,3,2022,16431.09
321,Antonio Sánchez,7,2023,44230.25
38,Laura Martínez,5,2021,11606.5
321,Antonio Sánchez,6,2021,31949.84
174,Antonio Ortiz,8,2021,36268.43
1,José Mendoza,1,2021,38938.24
370,Ana Sánchez,3,2021,10305.34
153,Elena Ramírez,10,2022,9267.02
149,Manuel González,8,2023,21287.29
199,Manuel Mendoza,10,2021,5058.1
143,Carlos Ramírez,5,2022,16759.98
3,Manuel Gómez,11,2022,11975.98
218,Rosa Ramírez,9,2023,24112.64
180,Pedro Cruz,11,2023,30826.36
393,Francisco Gómez,1,2023,32225.38
216,Elena Sánchez,10,2023,30981.99
383,Francisco Rodríguez,12,2021,24731.89
255,Luis Flores,4,2021,45448.8
301,Elena González,3,2022,9729.73
160,Raúl Ortiz,1,2023,43963.52
13,Marta González,9,2021,42885.57
36,Raúl Gutierrez,10,2021,35456.86
185,Antonio Ramírez,7,2023,17189.05
338,Luis Cruz,8,2022,9352.43
40,Manuel Torres,5,2022,44478.02
268,María Torres,11,2022,16127.52
313,Laura Pérez,7,2021,14398.06
121,Carmen García,8,2021,15534.1
394,Sofía Ramírez,1,2022,10782.26
50,José Gómez,10,2021,48895.1
173,Juan Gutierrez,5,2023,38614.6
251,Lucía Cruz,10,2022,11438.84
328,Jorge Rodríguez,7,2021,26248.93
193,Rosa Martínez,6,2021,11256.84
173,Juan Gutierrez,10,2022,30464.65
154,Laura Mendoza,7,2021,49547.75
300,Elena Ortiz,3,2021,37795.62
302,Laura Rivera,11,2022,45740.05
90,Raúl Cruz,12,2022,15228.59
336,Carmen Sánchez,10,2022,26279.18
397,Sofía Castro,8,2023,26959.38
59,José Sánchez,2,2023,31743.44
157,Raúl Martínez,11,2023,7105.69
66,Marta Díaz,1,2021,25280.57
238,Ana García,3,2022,38157.15
47,Manuel Ramírez,11,2022,34910.57
46,Miguel González,12,2021,39924.29
213,María García,3,2023,10433.83
66,Marta Díaz,5,2022,44475.59
359,Rosa Rivera,6,2023,5834.12
212,María Pérez,2,2021,28437.43
214,Carlos González,11,2023,29509.71
54,Juan Martínez,4,2022,11903.7
79,José Castro,2,2023,28918.57
262,Marta Rodríguez,8,2023,48308.61
18,Ana Flores,2,2023,36216.17
322,Lucía Flores,10,2022,12723.95
264,Elena Rivera,8,2023,32590.93
195,Manuel Martínez,6,2021,29036.15
397,Sofía Castro,5,2021,25079.63
301,Elena González,4,2021,5451.2
308,Juan Ortiz,9,2023,35223.73
397,Sofía Castro,12,2021,40238.13
318,Pedro Martínez,9,2021,41069.23
177,Ana Martínez,2,2023,18082.55
76,Miguel Ramírez,5,2021,45948.14
221,Ana Díaz,12,2023,30705.27
86,Juan Castro,8,2023,23684.41
286,Lucía Torres,3,2023,6386.12
36,Raúl Gutierrez,10,2021,21126.02
359,Rosa Rivera,9,2022,42524.46
124,Carmen Díaz,6,2023,21713.59
20,Luis Rivera,6,2023,11638.49
303,Jorge García,10,2023,41628.78
378,Juan Díaz,6,2023,47689.68
267,Miguel Gómez,10,2022,22325.64
397,Sofía Castro,7,2023,30915.15
310,Rosa Gutierrez,11,2023,10745.41
358,Carmen Gómez,11,2022,16631.76
9,Manuel Rodríguez,1,2022,21869.56
135,José Díaz,6,2021,39719.22
62,Sofía Sánchez,9,2023,37491.96
367,Luis López,10,2023,23125.76
255,Luis Flores,6,2022,42113.58
332,Luis Sánchez,10,2023,36449.1
279,Luis Díaz,11,2022,12576.81
203,Lucía Ramírez,5,2022,31437.6
375,Elena Díaz,11,2022,39027.01
399,Sofía Morales,8,2021,5249.21
2,Jorge Sánchez,3,2022,13811.76
102,Laura Flores,5,2022,30685.51
368,Sofía Silva,8,2023,15543.48
185,Antonio Ramírez,1,2021,27661.54
60,María Flores,12,2022,46110.65
194,Antonio Rodríguez,10,2022,14008.59
63,Sofía Díaz,1,2021,36642.85
381,Antonio Cruz,4,2021,21479.48
334,Laura López,8,2023,30771.62
121,Carmen García,9,2021,20698.11
87,Marta López,5,2021,19256.0
219,Luis Ramírez,6,2022,27160.77
387,Sofía Cruz,7,2022,46394.23
162,Carmen Mendoza,4,2023,33475.87
92,Miguel López,1,2022,11298.46
49,Sofía Flores,12,2022,29289.82
164,Raúl Rivera,1,2023,22338.06
61,Marta Pérez,12,2022,48473.78
223,María Mendoza,5,2022,34375.57
104,Marta García,10,2021,13247.49
199,Manuel Mendoza,9,2023,25046.74
379,Juan Silva,8,2021,37247.11
177,Ana Martínez,2,2023,16825.29
157,Raúl Martínez,10,2021,35288.82
240,Carlos Torres,1,2022,45682.05
374,Miguel Mendoza,4,2022,12010.35
75,Juan Flores,4,2023,13177.77
375,Elena Díaz,1,2023,40334.38
380,Carlos Ortiz,2,2023,21404.74
252,Francisco Gutierrez,10,2023,17184.62
106,José Martínez,7,2021,29635.79
42,Juan García,7,2023,44499.23
316,Ana Silva,4,2021,48598.95
63,Sofía Díaz,6,2022,22694.01
134,Sofía González,4,2023,30307.1
101,Laura Torres,6,2022,20581.45
92,Miguel López,9,2023,34094.9
104,Marta García,4,2021,46317.33
397,Sofía Castro,6,2021,28186.79
189,Jorge Gómez,11,2022,37241.58
380,Carlos Ortiz,1,2023,38090.97
192,Raúl González,3,2022,32828.27
331,Jorge Torres,9,2022,23989.59
186,Laura García,1,2021,22297.13
28,Rosa Ortiz,3,2022,15024.83
77,Raúl Castro,7,2021,9700.24
207,Laura Gutierrez,9,2023,22721.91
236,Carlos Morales,7,2021,32439.19
57,Luis González,8,2022,35694.58
295,Carmen Pérez,8,2022,29515.25
57,Luis González,10,2023,6318.87
359,Rosa Rivera,7,2022,42673.97
177,Ana Martínez,6,2021,33557.1
279,Luis Díaz,11,2021,45764.16
32,Juan Ramírez,3,2022,26549.02
363,Ana Ramírez,8,2023,9602.43
303,Jorge García,11,2023,43601.65
385,Pedro Ramírez,8,2022,17122.31
366,María López,11,2023,8862.89
348,Lucía González,12,2021,40486.84
119,Luis Rodríguez,12,2022,19715.71
152,Laura González,8,2022,26735.35
145,Laura Ortiz,12,2022,44364.98
165,Juan Rodríguez,7,2022,28773.78
155,Antonio Gómez,4,2023,31162.0
294,Marta Sánchez,1,2021,24166.14
67,Francisco Ortiz,12,2021,39063.7
358,Carmen Gómez,11,2022,13281.34
356,José López,3,2023,11464.5
392,Lucía López,5,2021,13152.38
315,Francisco Sánchez,12,2023,20434.3
154,Laura Mendoza,8,2021,36126.13
185,Antonio Ramírez,9,2023,14499.61
326,Antonio López,5,2023,37060.42
134,Sofía González,11,2021,14762.08
168,Antonio Castro,10,2023,48070.46
141,Rosa Sánchez,10,2023,7036.56
371,Carlos Gutierrez,12,2022,35845.14
157,Raúl Martínez,6,2021,43738.86
381,Antonio Cruz,8,2023,23092.77
161,Jorge Pérez,8,2021,31004.76
238,Ana García,10,2021,27447.41
92,Miguel López,1,2023,17396.87
249,Manuel Cruz,10,2021,38655.82
306,María Morales,4,2022,47002.87
114,Rosa Pérez,12,2023,32150.66
184,Manuel Sánchez,6,2023,28722.73
88,Antonio Silva,7,2023,12812.72
78,Lucía Mendoza,12,2023,22932.61
115,Sofía Gutierrez,5,2023,16039.32
390,Jorge Rivera,11,2022,38136.12
285,Sofía Martínez,9,2023,12099.18
185,Antonio Ramírez,8,2023,26507.88
338,Luis Cruz,12,2022,20710.46
35,Raúl Gómez,9,2023,22492.69
22,Miguel Castro,10,2022,41113.32
65,María Gómez,9,2021,29597.62
294,Marta Sánchez,3,2023,8787.69
191,Juan Sánchez,7,2023,30822.16
224,Manuel Díaz,5,2023,18948.87
347,Carlos Gómez,12,2022,43672.14
275,Laura Morales,5,2023,32572.21
297,Luis Mendoza,2,2022,9339.99
60,María Flores,5,2022,20885.57
2,Jorge Sánchez,3,2023,27701.86
153,Elena Ramírez,12,2023,39072.4
27,Elena Castro,9,2021,36204.98
190,Lucía Rodríguez,6,2022,20481.95
393,Francisco Gómez,10,2023,21561.17
357,Miguel Silva,12,2021,31947.88
338,Luis Cruz,3,2023,25220.25
269,Laura Ramírez,1,2023,29294.25
253,Manuel Ortiz,7,2021,35088.78
315,Francisco Sánchez,5,2022,47177.83
269,Laura Ramírez,3,2022,42341.33
189,Jorge Gómez,6,2021,43084.19
116,Antonio Díaz,6,2021,29712.13
304,Pedro Díaz,8,2022,24442.33
240,Carlos Torres,2,2022,21496.0
206,Carmen Martínez,1,2022,21197.74
229,Ana Castro,11,2023,8586.08
145,Laura Ortiz,2,2023,27548.05
331,Jorge Torres,7,2021,20429.13
275,Laura Morales,3,2023,22334.51
158,Ana Mendoza,1,2022,26219.79
299,Raúl Rodríguez,11,2023,44073.6
376,Ana Cruz,11,2023,6121.25
392,Lucía López,10,2023,42068.94
218,Rosa Ramírez,7,2022,43881.65
83,Pedro García,12,2021,22231.69
400,Carlos López,7,2021,42223.88
158,Ana Mendoza,11,2021,24538.99
89,Pedro Flores,1,2021,30097.6
16,Pedro López,8,2022,25273.84
57,Luis González,8,2022,28534.55
218,Rosa Ramírez,9,2022,22359.66
349,José Pérez,7,2023,18380.38
119,Luis Rodríguez,3,2022,42424.55
258,Francisco Mendoza,5,2023,17395.62
62,Sofía Sánchez,2,2023,12130.16
371,Carlos Gutierrez,3,2023,49173.97
82,Pedro Gutierrez,9,2023,45395.43
326,Antonio López,2,2021,36748.6
280,Carmen López,3,2023,27860.62
25,Carmen Morales,8,2023,33345.56
1,José Mendoza,4,2021,30342.66
393,Francisco Gómez,7,2022,25243.44
42,Juan García,12,2023,30350.18
229,Ana Castro,4,2023,16219.0
229,Ana Castro,12,2023,42079.26
164,Raúl Rivera,3,2022,45256.88
356,José López,11,2022,38232.33
299,Raúl Rodríguez,12,2021,49552.19
48,José Cruz,4,2022,24036.3
328,Jorge Rodríguez,3,2021,19678.95
61,Marta Pérez,3,2022,11034.02
124,Carmen Díaz,2,2022,47469.51
112,Miguel Gutierrez,12,2021,10490.54
176,José Morales,7,2022,10922.74
132,Jorge Morales,1,2023,38682.03
327,Raúl Mendoza,3,2021,8179.34
72,Marta Gómez,12,2022,33364.11
231,Miguel Morales,8,2022,11597.09
127,Pedro Gómez,6,2022,27976.6
208,Luis García,2,2023,12139.21
269,Laura Ramírez,3,2021,32415.73
333,Carlos Cruz,8,2023,22312.36
166,Antonio Mendoza,5,2022,19158.13
34,María Silva,11,2021,45518.49
156,Miguel Pérez,10,2023,20386.3
36,Raúl Gutierrez,2,2021,41457.65
333,Carlos Cruz,9,2022,35987.5
100,Raúl Flores,9,2023,18650.06
72,Marta Gómez,11,2023,19742.36
28,Rosa Ortiz,3,2022,39017.55
343,Manuel López,1,2021,20946.71
380,Carlos Ortiz,6,2022,22136.67
322,Lucía Flores,11,2021,9980.41
